time,close,open,high,low,volume
2026-05-21,31374788661132.13,7696411796234.32,39071200457366.45
2026-05-20,31358949739922.20,7690690192740.67,39049639932662.87
2026-05-19,31359065157830.45,7711687469163.68,39070752626994.13
2026-05-18,31317917051386.19,7691082849992.49,39008999901378.68
2026-05-15,31315583263208.62,7681661244846.47,38997244508055.09
2026-05-14,31277752122232.96,7676714548085.24,38954466670318.20
2026-05-13,31269241615132.64,7673382066715.04,38942623681847.68
2026-05-12,31268302404373.30,7699992655432.05,38968295059805.35
2026-05-11,31262108319021.06,7684692242388.08,38946800561409.14
2026-05-08,31260345834577.53,7677129508008.27,38937475342585.80
2026-05-07,31262325604447.63,7669326114354.46,38931651718802.09
2026-05-06,31263383766000.16,7655454160582.74,38918837926582.90
2026-05-05,31261787439569.55,7648832110708.55,38910619550278.10
2026-05-04,31274803442683.56,7630230682721.22,38905034125404.78
2026-05-01,31271957838023.21,7610189777607.32,38882147615630.53
2026-04-30,31272489865435.88,7695343996107.23,38967833861543.11
2026-04-29,31264482575337.52,7687592673364.13,38952075248701.65
2026-04-28,31266604928934.45,7685186972207.35,38951791901141.80
2026-04-27,31289756388875.06,7671199169856.91,38960955558731.97
2026-04-24,31289224791422.95,7664445481346.63,38953670272769.58
2026-04-23,31289249969317.98,7646236950966.77,38935486920284.75
2026-04-22,31318022210274.80,7639817558099.64,38957839768374.44
2026-04-21,31317297210883.89,7661963830606.93,38979261041490.82
2026-04-20,31343959370344.72,7648823233957.29,38992782604302.01
2026-04-17,31344221423413.60,7635097205796.08,38979318629209.68
2026-04-16,31359379088304.58,7626618005461.79,38985997093766.37
2026-04-15,31374528030445.60,7613943212491.72,38988471242937.32
2026-04-14,31327076933755.06,7606327166708.23,38933404100463.29
2026-04-13,31364172953118.05,7590751812212.81,38954924765330.86
2026-04-10,31363210882603.11,7583331105209.17,38946541987812.28
2026-04-09,31364679558344.11,7578111054742.44,38942790613086.55
2026-04-08,31373299420088.83,7576626195153.34,38949925615242.17
2026-04-07,31371921154820.79,7598020712683.24,38969941867504.03
2026-04-06,31413833699845.38,7580267016549.62,38994100716395.00
2026-04-03,31409491869379.24,7572263257161.53,38981755126540.77
2026-04-02,31409363156320.44,7590901350316.56,39000264506637.00
2026-04-01,31431328591198.51,7584862943761.03,39016191534959.54
2026-03-31,31431182280136.26,7634239113504.56,39065421393640.82
2026-03-30,31385929126772.90,7637099058712.35,39023028185485.25
2026-03-27,31388492802178.27,7627139225243.40,39015632027421.67
2026-03-26,31361115540758.11,7629274126731.27,38990389667489.38
2026-03-25,31363230287736.49,7627368794125.21,38990599081861.70
2026-03-24,31362014213440.21,7637841486984.28,38999855700424.49
2026-03-23,31385566969958.40,7621378816246.39,39006945786204.79
2026-03-20,31384605282290.22,7617466082294.75,39002071364584.97
2026-03-19,31385414419029.53,7616851450984.70,39002265870014.23
2026-03-18,31364647874667.34,7612180102174.29,38976827976841.63
2026-03-17,31379706593178.71,7637056317066.43,39016762910245.14
2026-03-16,31381345411579.55,7610842435921.37,38992187847500.92
2026-03-13,31300165451609.92,7602472358962.55,38902637810572.47
2026-03-12,31300175076619.99,7600703964350.81,38900879040970.80
2026-03-11,31285946384224.81,7596476038172.07,38882422422396.88
2026-03-10,31298790579980.06,7620071477696.85,38918862057676.91
2026-03-09,31280623244306.89,7602178428093.75,38882801672400.64
2026-03-06,31280012029379.25,7589806220089.13,38869818249468.38
2026-03-05,31281694069404.27,7591835542349.95,38873529611754.22
2026-03-04,31271271922985.85,7586399381578.00,38857671304563.85
2026-03-03,31268820109081.36,7584532290798.82,38853352399880.18
2026-03-02,31244382920777.66,7580080652674.60,38824463573452.26
2026-02-27,31186965290815.89,7582840691457.92,38769805982273.81
2026-02-26,31149029033685.39,7640562889718.20,38789591923403.59
2026-02-25,31126463055912.55,7638419147925.04,38764882203837.59
2026-02-24,31129399758399.04,7658381673727.18,38787781432126.22
2026-02-23,31113461801511.79,7644610240923.81,38758072042435.60
2026-02-20,31113584300966.47,7635435703252.83,38749020004219.30
2026-02-19,31112549990945.54,7631027509308.94,38743577500254.48
2026-02-18,31088483280078.60,7629003931742.77,38717487211821.37
2026-02-17,31087884326300.86,7632443496050.01,38720327822350.87
2026-02-13,31031921227566.66,7615434247959.27,38647355475525.93
2026-02-12,31032365231612.70,7615390564444.69,38647755796057.39
2026-02-11,31009198594125.31,7611574282513.19,38620772876638.50
2026-02-10,31010830716181.61,7634899048786.37,38645729764967.98
2026-02-09,30969105519646.32,7624100677371.81,38593206197018.13
2026-02-06,30969650188685.63,7618897062812.09,38588547251497.72
2026-02-05,30974189194630.76,7613427899453.01,38587617094083.77
2026-02-04,30956315394310.42,7608198305180.04,38564513699490.46
2026-02-03,30957184531162.23,7607093489052.37,38564278020214.60
2026-02-02,30915426727781.28,7600223542099.66,38515650269880.94
2026-01-30,30919122670062.31,7602245442279.35,38521368112341.66
2026-01-29,30898303196814.87,7670197925996.49,38568501122811.36
2026-01-28,30876617956619.42,7665924515267.42,38542542471886.84
2026-01-27,30878428226102.52,7688685981553.18,38567114207655.70
2026-01-26,30839469782091.59,7674053796489.00,38513523578580.59
2026-01-23,30839033479994.45,7651987078413.40,38491020558407.85
2026-01-22,30841780130036.30,7649018008549.60,38490798138585.90
2026-01-21,30825455797755.52,7647919676563.48,38473375474319.00
2026-01-20,30824259874597.25,7660445227798.08,38484705102395.33
2026-01-16,30811997567291.18,7648241504425.58,38460239071716.76
2026-01-15,30811929736380.71,7641178755967.96,38453108492348.67
2026-01-14,30787151283904.07,7608911383970.32,38396062667874.39
2026-01-13,30786665721842.47,7647187031837.56,38433852753680.03
2026-01-12,30802877100962.48,7634823791457.20,38437700892419.68
2026-01-09,30803872985803.55,7629457140488.82,38433330126292.37
2026-01-08,30806172192100.19,7626415067657.10,38432587259757.29
2026-01-07,30810025746721.36,7622261761080.16,38432287507801.52
2026-01-06,30809021616341.38,7621388472918.46,38430410089259.84
2026-01-05,30829627778734.90,7611460458493.04,38441088237227.94
2026-01-02,30830898741274.12,7591919829332.60,38422818570606.72
2025-12-31,30846716536213.26,7667292648019.46,38514009184232.72
2025-12-30,30758836564019.29,7613317153601.80,38372153717621.09
2025-12-29,30788927240091.41,7597456950531.27,38386384190622.68
2025-12-26,30789162165471.37,7591373982524.66,38380536147996.03
2025-12-24,30767152990652.20,7585693711160.97,38352846701813.17
2025-12-23,30765540678107.58,7609808918823.00,38375349596930.58
2025-12-22,30804343347355.44,7574069886960.69,38378413234316.13
2025-12-19,30804983565149.29,7567885799039.85,38372869364189.14
2025-12-18,30807754246644.19,7567617238146.60,38375371484790.79
2025-12-17,30816952898858.15,7562043720926.87,38378996619785.02
2025-12-16,30816834775843.42,7579344801168.68,38396179577012.10
2025-12-15,30852855298143.76,7566524957096.83,38419380255240.59
2025-12-12,30774528464721.58,7565013346180.75,38339541810902.33
2025-12-11,30787372595984.82,7562422438565.42,38349795034550.24
2025-12-10,30793542262019.16,7558658156048.98,38352200418068.14
2025-12-09,30793663184220.67,7583447287648.99,38377110471869.66
2025-12-08,30822913626328.95,7573042513082.33,38395956139411.28
2025-12-05,30822518818972.69,7568014014639.01,38390532833611.70
2025-12-04,30824381406045.22,7564988469839.88,38389369875885.10
2025-12-03,30843637085897.30,7559894956108.98,38403532042006.28
2025-12-02,30843863156002.45,7579901523401.57,38423764679404.02
2025-12-01,30853068463300.35,7572604715574.28,38425673178874.63
2025-11-28,30774117238206.31,7622094259407.34,38396211497613.65
2025-11-26,30720877603388.67,7614390380457.44,38335267983846.11
2025-11-25,30722912264691.05,7637929580054.74,38360841844745.79
2025-11-24,30706241277353.57,7630050441631.82,38336291718985.39
2025-11-21,30706639126551.86,7626890920479.43,38333530047031.29
2025-11-20,30707975239396.64,7618992320167.89,38326967559564.53
2025-11-19,30687812251917.30,7611560834060.88,38299373085978.18
2025-11-18,30690574250262.63,7574781329772.39,38265355580035.02
2025-11-17,30675159827981.92,7506024978504.59,38181184806486.51
2025-11-14,30654607353084.03,7499124840705.97,38153732193790.00
2025-11-13,30653919436694.72,7496796979962.20,38150716416656.92
2025-11-12,30629115020089.01,7492102129098.63,38121217149187.64
2025-11-10,30613346931589.27,7512384756041.76,38125731687631.03
2025-11-07,30611508844516.16,7505716041477.49,38117224885993.65
2025-11-06,30610666797441.52,7507601424306.51,38118268221748.03
2025-11-05,30589653976794.86,7501872376073.10,38091526352867.96
2025-11-04,30588445700448.40,7458794052654.62,38047239753103.02
2025-11-03,30567833810363.02,7436532669741.16,38004366480104.18
2025-10-31,30570708483009.12,7469385303511.90,38040093786521.02
2025-10-30,30516171709909.29,7592758540369.71,38108930250279.00
2025-10-29,30490067642291.03,7588476501867.20,38078544144158.23
2025-10-28,30490669166603.18,7586265053928.38,38076934220531.56
2025-10-27,30463894199662.03,7578297543090.58,38042191742752.61
2025-10-24,30462318457750.69,7546707501706.71,38009025959457.40
2025-10-23,30462505791396.93,7545631273554.68,38008137064951.61
2025-10-22,30439169276342.86,7551503650262.70,37990672926605.56
2025-10-21,30437767080384.89,7582046274315.37,38019813354700.26
2025-10-20,30407775576424.92,7572498094006.41,37980273670431.33
2025-10-17,30407496862775.24,7569808973632.08,37977305836407.32
2025-10-16,30406659067650.88,7559894788680.54,37966553856331.42
2025-10-15,30383102547724.69,7559532783464.93,37942635331189.62
2025-10-14,30344240501849.17,7574715543854.68,37918956045703.85
2025-10-10,30315775357225.49,7569661228199.14,37885436585424.63
2025-10-09,30315050520795.47,7568879891666.92,37883930412462.39
2025-10-08,30300449106850.14,7563388759741.86,37863837866592.00
2025-10-07,30302393668027.57,7587362904732.87,37889756572760.44
2025-10-06,30284583976614.40,7578657306938.17,37863241283552.57
2025-10-03,30283066232826.22,7569589582622.73,37852655815448.95
2025-10-02,30285435150302.49,7596407646804.90,37881842797107.39
2025-10-01,30275547632000.40,7588511870725.30,37864059502725.70
2025-09-30,30277766440770.58,7359787054165.03,37637553494935.61
2025-09-29,30183798697434.94,7322654868786.26,37506453566221.20
2025-09-26,30184180191221.72,7315524304545.61,37499704495767.33
2025-09-25,30155538367056.52,7312354711398.02,37467893078454.54
2025-09-24,30144752790618.94,7309784455629.77,37454537246248.71
2025-09-23,30143073922487.06,7326621669792.33,37469695592279.39
2025-09-22,30198287082014.00,7313456824508.52,37511743906522.52
2025-09-19,30197443850677.82,7308309172542.02,37505753023219.84
2025-09-18,30200452994946.00,7309371285739.29,37509824280685.29
2025-09-17,30185927497582.21,7306709208154.01,37492636705736.22
2025-09-16,30185858953772.60,7316899199953.35,37502758153725.95
2025-09-15,30235402349560.97,7298580235744.60,37533982585305.57
2025-09-12,30156635899566.90,7305163158093.34,37461799057660.24
2025-09-11,30156524547639.58,7314308747459.10,37470833295098.68
2025-09-10,30141501721759.29,7309242133268.94,37450743855028.23
2025-09-09,30141157463769.15,7332729723468.62,37473887187237.77
2025-09-08,30121188716571.55,7319420500408.08,37440609216979.63
2025-09-05,30121223541151.12,7312364720365.43,37433588261516.55
2025-09-04,30121675356508.43,7308452759314.33,37430128115822.76
2025-09-03,30106522172043.14,7306157791837.03,37412679963880.17
2025-09-02,30105889987086.45,7307648440429.74,37413538427516.19
2025-08-29,29968531307467.56,7305734610439.47,37274265917907.03
2025-08-28,29931514784077.08,7378639186133.68,37310153970210.76
2025-08-27,29904188921878.34,7379779979565.20,37283968901443.54
2025-08-26,29905784737041.34,7299101761212.05,37204886498253.39
2025-08-25,29858744380962.86,7395478523758.11,37254222904720.97
2025-08-22,29858032327748.39,7376033821530.57,37234066149278.96
2025-08-21,29860626144050.13,7371662517973.78,37232288662023.91
2025-08-20,29814986079837.20,7365204901986.12,37180190981823.32
2025-08-19,29818545456535.64,7390310858268.91,37208856314804.55
2025-08-18,29771882958785.37,7372193791624.79,37144076750410.16
2025-08-15,29771410762345.73,7365871879422.01,37137282641767.74
2025-08-14,29741150322937.10,7348280271417.48,37089430594354.58
2025-08-13,29698492660209.76,7346845417317.28,37045338077527.04
2025-08-12,29698694854602.48,7371727954713.84,37070422809316.32
2025-08-11,29643534539743.71,7361283086098.85,37004817625842.56
2025-08-08,29642973771492.29,7355518082062.79,36998491853555.08
2025-08-07,29642704925910.30,7353501041238.92,36996205967149.22
2025-08-06,29601946000343.28,7348513858768.28,36950459859111.56
2025-08-05,29601407493123.21,7329044852741.95,36930452345865.16
2025-08-04,29523300148538.85,7314864649375.46,36828164797914.31
2025-08-01,29522548953929.98,7304353980819.27,36826902934749.25
2025-07-31,29531340715980.52,7385646596017.51,36916987311998.03
2025-07-30,29422821531852.86,7379419030045.53,36802240561898.39
2025-07-29,29423243369055.06,7380594149863.15,36803837518918.21
2025-07-28,29361632076260.01,7373294000045.29,36734926076305.30
2025-07-25,29361462754830.93,7371437191951.59,36732899946782.52
2025-07-24,29361169407599.91,7360361626003.06,36721531033602.97
2025-07-23,29332905580399.32,7354032161912.18,36686937742311.50
2025-07-22,29332747751071.01,7378784656292.74,36711532407363.75
2025-07-21,29297584848407.38,7364108871843.21,36661693720250.59
2025-07-18,29296992044459.47,7356926608040.38,36653918652499.85
2025-07-17,29296842992143.18,7358437586970.43,36655280579113.61
2025-07-16,29279025456139.46,7348829520723.24,36627854976862.70
2025-07-15,29278468201107.89,7373142915437.94,36651611116545.83
2025-07-14,29235163076403.79,7363182465751.15,36598345542154.94
2025-07-11,29236040429582.10,7359760307805.26,36595800737387.36
2025-07-10,29237384936665.31,7357716674413.82,36595101611079.13
2025-07-09,29245895802163.13,7354749570811.79,36600645372974.92
2025-07-08,29246985005461.02,7378830395788.77,36625815401249.79
2025-07-07,29217069454544.59,7365243735475.17,36582313190019.76
2025-07-03,29030139887675.69,7185729409624.06,36215869297299.75
2025-07-02,29010089016490.07,7203708724692.33,36213797741182.40
2025-07-01,29015375786023.67,7199106455887.47,36214482241911.14
2025-06-30,28953496505343.54,7257972846477.77,36211469351821.31
2025-06-27,28886926501740.70,7328197811641.46,36215124313382.16
2025-06-26,28887012425608.74,7328793639131.62,36215806064740.36
2025-06-25,28888758862953.29,7325110705163.71,36213869568117.00
2025-06-24,28860859190127.59,7353694147625.66,36214553337753.25
2025-06-23,28890044591558.48,7323763835441.08,36213808426999.56
2025-06-20,28900785723043.42,7315087705792.44,36215873428835.86
2025-06-18,28905136181836.44,7309570954397.39,36214707136233.83
2025-06-17,28884822109662.55,7330575632185.21,36215397741847.76
2025-06-16,28907522231455.10,7307147612603.45,36214669844058.55
2025-06-13,28943677590027.96,7273078926433.72,36216756516461.68
2025-06-12,28944696357421.28,7272755735482.53,36217452092903.81
2025-06-11,28947461766728.03,7266119957069.04,36213581723797.07
2025-06-10,28925282868405.29,7288997721700.45,36214280590105.74
2025-06-09,28937734806745.08,7275837978669.95,36213572785415.03
2025-06-06,28947314928888.42,7268370334778.94,36215685263667.36
2025-06-05,28949058827202.60,7267330587277.61,36216389414480.21
2025-06-04,28953597578775.68,7260903821437.96,36214501400213.64
2025-06-03,28964890579889.10,7250316846801.55,36215207426690.65
2025-06-02,28956814642277.72,7257586022576.81,36214400664854.53
2025-05-30,28952461153000.13,7263357246936.72,36215818399936.85
2025-05-29,28871680706822.26,7343495610476.16,36215176317298.42
2025-05-28,28867570378120.42,7345570748145.64,36213141126266.06
2025-05-27,28856796025402.94,7357057726549.11,36213853751952.05
2025-05-23,28863100025246.62,7351988377099.25,36215088402345.87
2025-05-22,28875495146667.02,7340306339171.52,36215801485838.54
2025-05-21,28877912012097.42,7335849209013.40,36213761221110.82
2025-05-20,28855901031670.00,7358574400540.84,36214475432210.84
2025-05-19,28867568836311.34,7346001927409.64,36213570763720.98
2025-05-16,28877878941841.26,7337835686711.83,36215714628553.09
2025-05-15,28880432375776.61,7335997036243.20,36216429412019.81
2025-05-14,28883690101680.60,7328571320062.29,36212261421742.89
2025-05-13,28858866133930.92,7354112774119.09,36212978908050.01
2025-05-12,28873314691669.41,7338721472920.86,36212036164590.27
2025-05-09,28879730647251.10,7334450473321.47,36214181120572.57
2025-05-08,28879495109710.33,7335400990668.67,36214896100379.00
2025-05-07,28885833651968.10,7327052459190.16,36212886111158.26
2025-05-06,28888855819827.73,7324747054422.48,36213602874250.21
2025-05-05,28900702282928.55,7312008106218.90,36212710389147.45
2025-05-02,28913077198269.89,7301782985239.82,36214860183509.71
2025-05-01,28910031708449.29,7305545090837.58,36215576799286.87
2025-04-30,28852660949319.21,7360896246491.44,36213557195810.65
2025-04-29,28870044615160.41,7344669902800.32,36214714517960.73
2025-04-28,28880205893953.10,7333614270247.08,36213820164200.18
2025-04-25,28886705983824.00,7329267841927.09,36215973825751.09
2025-04-24,28886899281587.33,7329792439929.20,36216691721516.53
2025-04-23,28901934804636.80,7312815062684.62,36214749867321.42
2025-04-22,28885292677312.48,7330176983450.72,36215469660763.20
2025-04-21,28897595263583.41,7316982346759.55,36214577610342.96
2025-04-18,28904329571387.04,7312424849275.23,36216754420662.27
2025-04-17,28913508876197.06,7303971159026.21,36217480035223.27
2025-04-16,28917184309983.82,7296406402244.83,36213590712228.65
2025-04-15,28904113909824.41,7310211361410.85,36214325271235.26
2025-04-14,28942462559586.95,7270299073998.82,36212761633585.77
2025-04-11,28952083890117.20,7262882499164.91,36214966389282.11
2025-04-10,28952824025915.61,7262877291916.33,36215701317831.94
2025-04-09,28958991840990.14,7254779381299.45,36213771222289.59
2025-04-08,28936031572664.84,7278477178525.17,36214508751190.01
2025-04-07,28947771026214.14,7265790465766.99,36213561491981.13
2025-04-04,28956155080112.68,7259606538778.43,36215761618891.11
2025-04-03,28960433646738.55,7256061381049.41,36216495027787.96
2025-04-02,28941616891545.06,7272809319818.70,36214426211363.76
2025-04-01,28945058837872.08,7270097835241.72,36215156673113.80
2025-03-31,28909508850275.58,7304801569898.55,36214310420174.13
2025-03-28,28918637682348.73,7297832989689.14,36216470672037.87
2025-03-27,28921459406910.63,7295744922929.56,36217204329840.19
2025-03-26,28922608710230.04,7292747823941.33,36215356534171.37
2025-03-25,28900194597054.75,7315898690539.00,36216093287593.75
2025-03-24,28924757833909.66,7290501073128.13,36215258907037.79
2025-03-21,28927403024844.31,7290078282240.53,36217481307084.84
2025-03-20,28931004380785.40,7287217664400.94,36218222045186.34
2025-03-19,28931615276590.47,7282852542757.69,36214467819348.16
2025-03-18,28908695063079.12,7306517606255.26,36215212669334.38
2025-03-17,28928035225282.57,7286359145227.48,36214394370510.05
2025-03-14,28937109052409.72,7279547308963.16,36216656361372.88
2025-03-13,28910212445754.95,7307197895481.62,36217410341236.57
2025-03-12,28912908316119.90,7302680425507.41,36215588741627.31
2025-03-11,28890925430619.29,7325421064819.46,36216346495438.75
2025-03-10,28903192097197.00,7312343609752.98,36215535706949.98
2025-03-07,28909913656084.00,7307910527929.37,36217824184013.37
2025-03-06,28910964000416.83,7307623005751.68,36218587006168.51
2025-03-05,28904524826408.57,7312170732441.29,36216695558849.86
2025-03-04,28906019720336.11,7311438006096.70,36217457726432.81
2025-03-03,28930823432033.66,7285803754245.12,36216627186278.78
2025-02-28,28914410587820.34,7304512781549.76,36218923369370.10
2025-02-27,28855106718012.13,7366843117994.80,36221949836006.93
2025-02-26,28855309766407.65,7364670889368.14,36219980655775.79
2025-02-25,28837112928950.54,7383636720904.88,36220749649855.42
2025-02-24,28846869977339.96,7373008557021.63,36219878534361.59
2025-02-21,28862508705242.94,7359702901676.52,36222211606919.46
2025-02-20,28869749063206.15,7353240387067.82,36222989450273.97
2025-02-19,28878510874731.94,7340301225405.37,36218812100137.31
2025-02-18,28876078679117.80,7343514021988.87,36219592701106.67
2025-02-14,28895337232003.27,7323646458424.72,36218983690427.99
2025-02-13,28896004938072.67,7323759149504.89,36219764087577.56
2025-02-12,28896394701632.10,7321093154139.98,36217487855772.08
2025-02-11,28873690527396.65,7344577753959.85,36218268281356.50
2025-02-10,28882844331495.71,7334400412358.69,36217244743854.40
2025-02-07,28891246579142.97,7328335379387.61,36219581958530.58
2025-02-06,28892938412549.80,7327422633245.01,36220361045794.81
2025-02-05,28895705607248.80,7322417988645.61,36218123595894.41
2025-02-04,28897398320943.43,7321503139885.53,36218901460828.96
2025-02-03,28923985500400.02,7293892752118.87,36217878252518.89
2025-01-31,28911508658693.08,7308698079354.88,36220206738047.96
2025-01-30,28850151178663.95,7371291903947.90,36221443082611.85
2025-01-29,28852559462378.04,7366602126915.04,36219161589293.08
2025-01-28,28851969423506.15,7367967855319.07,36219937278825.22
2025-01-27,28862375452519.97,7356530845791.36,36218906298311.33
2025-01-24,28881218302457.27,7340010231344.99,36221228533802.26
2025-01-23,28880821900250.34,7341180823593.90,36222002723844.24
2025-01-22,28863025857989.46,7354465474237.07,36217491332226.53
2025-01-21,28863463959281.89,7354794444044.46,36218258403326.35
2025-01-17,28845583131561.83,7361010184013.32,36206593315575.15
2025-01-16,28846012162618.21,7351498835789.37,36197510998407.58
2025-01-15,28832351544946.26,7341818590517.75,36174170135464.01
2025-01-14,28850228995216.85,7350677542937.39,36200906538154.24
2025-01-13,28832556245721.97,7340898861989.14,36173455107711.11
2025-01-10,28832716210040.45,7336803790005.04,36169520000045.49
2025-01-09,28832160356396.23,7334233257283.50,36166393613679.73
2025-01-08,28824060020226.11,7329685322040.19,36153745342266.30
2025-01-07,28826479434779.86,7352196584435.73,36178676019215.59
2025-01-06,28832259211211.08,7339533493948.90,36171792705159.98
2025-01-03,28831651555267.15,7332495171778.67,36164146727045.82
2025-01-02,28831964741779.76,7337992876980.45,36169957618760.21
2024-12-31,28836996111881.81,7381609199808.10,36218605311689.91
2024-12-30,28821350185471.75,7328807044988.29,36150157230460.04
2024-12-27,28822584881480.95,7321598494166.48,36144183375647.43
2024-12-26,28794989291882.50,7317818417425.11,36112807709307.61
2024-12-24,28839543803673.77,7307275380693.33,36146819184367.10
2024-12-23,28865105876886.59,7325170681580.03,36190276558466.62
2024-12-20,28864783375019.35,7296837640426.22,36161621015445.57
2024-12-19,28870054568670.25,7297069898822.65,36167124467492.90
2024-12-18,28875451168038.78,7292152981916.83,36167604149955.61
2024-12-17,28876690689081.36,7312655137059.26,36189345826140.62
2024-12-16,28901403659573.18,7291492045410.47,36192895704983.65
2024-12-13,28846613864721.94,7287461769216.75,36134075633938.69
2024-12-12,28846561718955.86,7286902179676.16,36133463898632.02
2024-12-11,28849932499916.86,7282588015359.67,36132520515276.53
2024-12-10,28858224127746.27,7305218268480.34,36163442396226.61
2024-12-09,28874168830835.46,7298026448227.48,36172195279062.94
2024-12-06,28874999106506.03,7291038463951.30,36166037570457.33
2024-12-05,28877400152221.15,7289964785887.29,36167364938108.44
2024-12-04,28882393374551.42,7288118172887.43,36170511547438.85
2024-12-03,28883514581503.88,7285899282363.00,36169413863866.88
2024-12-02,28878760944937.34,7292421010347.02,36171181955284.36
2024-11-29,28791207744535.64,7296155216076.36,36087362960612.00
2024-11-27,28735907867644.94,7354689358159.49,36090597225804.43
2024-11-26,28736542181892.50,7377028353910.03,36113570535802.53
2024-11-25,28689638049359.94,7363012845434.82,36052650894794.76
2024-11-22,28689193665601.50,7358329472334.85,36047523137936.35
2024-11-21,28688857681958.64,7346136905023.33,36034994586981.97
2024-11-20,28634759575097.22,7339146403017.48,35973905978114.70
2024-11-19,28634183281951.62,7358107761767.23,35992291043718.85
2024-11-18,28620973630175.80,7343002712548.11,35963976342723.91
2024-11-15,28621283646779.39,7337893341160.72,35959176987940.11
2024-11-14,28632426082432.23,7333106942171.82,35965533024604.05
2024-11-13,28617935465098.64,7332326962681.05,35950262427779.69
2024-11-12,28620032996715.49,7343732587583.75,35963765584299.24
2024-11-08,28606361080480.36,7339035281994.84,35945396362475.20
2024-11-07,28607118813413.31,7336435406884.33,35943554220297.64
2024-11-06,28582117963923.50,7329940577295.35,35912058541218.85
2024-11-05,28582003195921.21,7329104402276.97,35911107598198.18
2024-11-04,28566347626909.66,7318053388944.70,35884401015854.36
2024-11-01,28567525956804.76,7299077266736.72,35866603223541.48
2024-10-31,28572149038424.26,7379452135511.76,35951601173936.02
2024-10-30,28470182494958.74,7376830095108.43,35847012590067.17
2024-10-29,28469426993796.14,7379094516640.88,35848521510437.02
2024-10-28,28449760812902.59,7367645595003.86,35817406407906.45
2024-10-25,28451878560753.69,7363513999069.84,35815392559823.53
2024-10-24,28452334402813.93,7356823348305.87,35809157751119.80
2024-10-23,28422500201162.20,7354871334181.43,35777371535343.63
2024-10-22,28423306636632.38,7379515537204.58,35802822173836.96
2024-10-21,28403842285305.15,7368907929581.47,35772750214886.62
2024-10-18,28403747282300.49,7365984865202.86,35769732147503.35
2024-10-17,28404121037347.13,7364963434177.25,35769084471524.38
2024-10-16,28386150164608.48,7357363382856.39,35743513547464.87
2024-10-15,28383518035772.03,7367753772853.42,35751271808625.45
2024-10-11,28351123484517.83,7356196197995.43,35707319682513.26
2024-10-10,28353945611403.78,7326688472528.40,35680634083932.18
2024-10-09,28341479458057.01,7352361803495.03,35693841261552.04
2024-10-08,28341720350763.38,7375985314369.29,35717705665132.67
2024-10-07,28321844291432.89,7360773507338.91,35682617798771.80
2024-10-04,28323365082799.83,7357149733233.09,35680514816032.92
2024-10-03,28322639420813.57,7355157421706.13,35677796842519.70
2024-10-02,28313722594978.62,7364038013056.83,35677760608035.45
2024-10-01,28312629054720.67,7356318312461.42,35668947367182.09
2024-09-30,28307312290783.00,7157361638388.69,35464673929171.69
2024-09-27,28208786657768.96,7112550686631.47,35321337344400.43
2024-09-26,28182178946545.80,7114188338406.46,35296367284952.26
2024-09-25,28194235452983.90,7109729711468.98,35303965164452.88
2024-09-24,28195893512737.15,7128431963631.20,35324325476368.35
2024-09-23,28215447150317.52,7109189229029.70,35324636379347.22
2024-09-20,28214574834140.68,7105135901991.38,35319710736132.06
2024-09-19,28220680267543.24,7106966355296.21,35327646622839.45
2024-09-18,28228475054525.36,7102794566587.72,35331269621113.08
2024-09-17,28227359906344.68,7123482404426.42,35350842310771.10
2024-09-16,28245785759097.01,7100683810500.73,35346469569597.74
2024-09-13,28188906439845.65,7079875149516.27,35268781589361.92
2024-09-12,28193985562400.05,7079894192517.33,35273879754917.38
2024-09-11,28232460501393.03,7076724111476.97,35309184612870.00
2024-09-10,28232619428904.84,7098542261688.57,35331161690593.41
2024-09-09,28253299707543.31,7093332564103.30,35346632271646.61
2024-09-06,28253281258134.21,7089805247432.00,35343086505566.21
2024-09-05,28258350864244.38,7087221290491.77,35345572154736.15
2024-09-04,28254186047367.95,7089638690647.07,35343824738015.02
2024-09-03,28252444995767.33,7067241644842.65,35319686640609.98
2024-08-30,28168005045836.45,7088051796953.61,35256056842790.06
2024-08-29,28132284797344.23,7147491348090.06,35279776145434.29
2024-08-28,28122421845095.35,7147274425768.51,35269696270863.86
2024-08-27,28122457986740.07,7167034016414.92,35289492003154.99
2024-08-26,28066894450384.91,7158290450800.92,35225184901185.83
2024-08-23,28067340611051.07,7146626489434.08,35213967100485.15
2024-08-22,28067310011637.03,7143040787909.09,35210350799546.12
2024-08-21,28056284385951.98,7137714893321.80,35193999279273.78
2024-08-20,28055639080735.21,7160261289357.86,35215900370093.07
2024-08-19,28030148229238.57,7147885883999.50,35178034113238.07
2024-08-16,28030070022009.33,7137158169204.13,35167228191213.46
2024-08-15,28032945816619.67,7136217961620.68,35169163778240.35
2024-08-14,28017226473416.87,7120398188567.53,35137624661984.40
2024-08-13,28017164049453.46,7143185532931.21,35160349582384.67
2024-08-12,27992486779604.18,7134363382135.09,35126850161739.27
2024-08-09,27991430891417.81,7131096240988.62,35122527132406.43
2024-08-08,27992303945196.96,7131024032831.51,35123327978028.47
2024-08-07,27969804303787.95,7124952042132.36,35094756345920.31
2024-08-06,27969087300801.08,7116699195042.16,35085786495843.24
2024-08-05,27945957511453.95,7113298864999.19,35059256376453.14
2024-08-02,27946832554647.40,7104596139907.59,35051428694554.99
2024-08-01,27946897741746.23,7112504605395.29,35059402347141.52
2024-07-31,27930511528793.83,7174259120507.20,35104770649301.03
2024-07-30,27864367559006.15,7178842418681.12,35043209977687.27
2024-07-29,27834326750512.37,7170089179786.63,35004415930299.00
2024-07-26,27834220424052.01,7167057755156.66,35001278179208.67
2024-07-25,27834323519790.43,7163216985312.90,34997540505103.33
2024-07-24,27817951354978.31,7151626944488.87,34969578299467.18
2024-07-23,27817639139025.78,7170482190259.74,34988121329285.52
2024-07-22,27793300671842.76,7156838325296.59,34950138997139.35
2024-07-19,27793280970095.10,7150970860497.82,34944251830592.92
2024-07-18,27794421298152.71,7151541980253.58,34945963278406.29
2024-07-17,27775355611306.52,7147921508920.43,34923277120226.95
2024-07-16,27775830463860.98,7164323729749.66,34940154193610.64
2024-07-15,27750724960754.60,7160922593309.75,34911647554064.35
2024-07-12,27734096471188.88,7155116955778.20,34889213426967.08
2024-07-11,27733802372114.60,7155137174411.31,34888939546525.91
2024-07-10,27710406330174.17,7150915328510.84,34861321658685.01
2024-07-09,27709504208843.50,7174867301204.10,34884371510047.60
2024-07-08,27693672925726.72,7163717134101.38,34857390059828.10
2024-07-05,27693475216355.36,7158726071239.68,34852201287595.04
2024-07-03,27696496266059.51,7151072723994.62,34847568990054.13
2024-07-02,27696947664513.33,7169092766813.98,34866040431327.31
2024-07-01,27686611898025.85,7154447730760.95,34841059628786.80
2024-06-28,27612896549329.17,7218737882064.30,34831634431393.47
2024-06-27,27564579398180.52,7158197529065.63,34722776927246.15
2024-06-26,27581121643497.46,7143567623465.65,34724689266963.11
2024-06-25,27580828533331.25,7167570155124.24,34748398688455.49
2024-06-24,27594422516851.49,7154179953134.65,34748602469986.14
2024-06-21,27594481222617.96,7139266543546.35,34733747766164.31
2024-06-20,27596094209621.92,7129756113986.30,34725850323608.22
2024-06-18,27614043126341.21,7120067780594.39,34734110906935.60
2024-06-17,27627953593560.50,7122545236427.05,34750498829987.55
2024-06-14,27571224186740.96,7109857211392.89,34681081398133.85
2024-06-13,27572656623723.99,7110924005833.71,34683580629557.70
2024-06-12,27576420914357.70,7104892790319.76,34681313704677.46
2024-06-11,27576833611186.52,7126102177829.74,34702935789016.26
2024-06-10,27590884592514.35,7118535504661.53,34709420097175.88
2024-06-07,27590412991651.25,7082479056181.28,34672892047832.53
2024-06-06,27590071808237.64,7080560846029.55,34670632654267.19
2024-06-05,27601771436920.21,7058129597685.48,34659901034605.69
2024-06-04,27601036912476.19,7054598976613.93,34655635889090.12
2024-06-03,27604546247462.02,7030817895866.12,34635364143328.14
2024-05-31,27606806621699.92,7060308520700.91,34667115142400.83
2024-05-30,27479078222866.95,7130718594560.70,34609796817427.65
2024-05-29,27487157223434.84,7134501132017.34,34621658355452.18
2024-05-28,27485640159741.04,7120527755284.89,34606167915025.93
2024-05-24,27473812202939.87,7114168241161.52,34587980444101.39
2024-05-23,27473485937031.60,7103643031520.03,34577128968551.63
2024-05-22,27469724120218.74,7098530393796.65,34568254514015.39
2024-05-21,27466193557963.77,7119366637073.07,34585560195036.84
2024-05-20,27458745418356.45,7110365893564.62,34569111311921.07
2024-05-17,27456876652491.59,7104020702286.11,34560897354777.70
2024-05-16,27456418787486.41,7096512136256.51,34552930923742.92
2024-05-15,27444319743354.59,7090525707392.57,34534845450747.16
2024-05-14,27459796281794.85,7112713088036.93,34572509369831.78
2024-05-13,27455172055232.87,7096990063615.00,34552162118847.87
2024-05-10,27453861306796.20,7090730710809.52,34544592017605.72
2024-05-09,27453899461694.50,7091012790160.03,34544912251854.53
2024-05-08,27454500607320.58,7087227363278.59,34541727970599.17
2024-05-07,27453420769237.90,7105974470632.43,34559395239870.33
2024-05-06,27463657361740.46,7097190278087.13,34560847639827.59
2024-05-03,27462531568558.89,7085674715847.52,34548206284406.41
2024-05-02,27462987329423.76,7100361488780.74,34563348818204.50
2024-05-01,27479892592950.49,7078393608553.75,34558286201504.24
2024-04-30,27480960216618.32,7136033799632.56,34616994016250.88
2024-04-29,27445183037521.17,7117577083996.89,34562760121518.06
2024-04-26,27444491423362.55,7113923533728.96,34558414957091.51
2024-04-25,27443681857808.67,7111287168059.44,34554969025868.11
2024-04-24,27461572886205.56,7110054235908.52,34571627122114.08
2024-04-23,27461262921654.41,7120619319098.66,34581882240753.07
2024-04-22,27486473714908.65,7105302639344.76,34591776354253.41
2024-04-19,27484861367243.35,7100666815532.11,34585528182775.46
2024-04-18,27485307938326.14,7097787027218.40,34583094965544.54
2024-04-17,27491018195859.82,7085470313069.10,34576488508928.92
2024-04-16,27491006854258.45,7099994476618.46,34591001330876.91
2024-04-15,27525652789136.96,7077550042873.79,34603202832010.75
2024-04-12,27509636671273.47,7043582954372.04,34553219625645.51
2024-04-11,27509726461018.85,7041110153612.83,34550836614631.68
2024-04-10,27524683546141.80,7036331970814.48,34561015516956.28
2024-04-09,27523837629266.01,7057172370278.52,34581009999544.53
2024-04-08,27559152334116.88,7049260226525.59,34608412560642.47
2024-04-05,27558067093863.29,7042576398721.81,34600643492585.10
2024-04-04,27557979891134.54,7040988643812.82,34598968534947.36
2024-04-03,27570738421546.27,7033599371339.04,34604337792885.31
2024-04-02,27571024016005.42,7051267854045.71,34622291870051.13
2024-04-01,27597003078569.01,7030198254495.09,34627201333064.10
2024-03-29,27511454993243.97,7075078486105.91,34586533479349.88
2024-03-28,27511740986475.77,7066868170703.55,34578609157179.32
2024-03-27,27503290057476.61,7069909488364.82,34573199545841.43
2024-03-26,27500757154307.80,7093631715867.86,34594388870175.66
2024-03-25,27512574463575.43,7085613527787.28,34598187991362.71
2024-03-22,27511504384092.25,7070616881941.32,34582121266033.57
2024-03-21,27511234577616.74,7066797643893.09,34578032221509.83
2024-03-20,27495310693451.23,7065862968742.96,34561173662194.19
2024-03-19,27495560223464.06,7086744301426.82,34582304524890.88
2024-03-18,27486890326230.45,7064472922609.44,34551363248839.89
2024-03-15,27486685431293.39,7056153065969.55,34542838497262.94
2024-03-14,27434194395974.08,7052025630311.87,34486220026285.95
2024-03-13,27424590793153.92,7051283950252.72,34475874743406.64
2024-03-12,27424259576638.32,7072944247261.90,34497203823900.22
2024-03-11,27411563369863.19,7059919295715.01,34471482665578.20
2024-03-08,27410398214937.37,7054660043964.07,34465058258901.44
2024-03-07,27409658010123.01,7051748549610.47,34461406559733.48
2024-03-06,27395073293225.10,7045758662531.44,34440831955756.54
2024-03-05,27394922018989.52,7044028048971.81,34438950067961.33
2024-03-04,27379505983815.03,7031386208537.02,34410892192352.05
2024-03-01,27378941449836.41,7014320949165.99,34393262399002.40
2024-02-29,27380289989183.77,7090793248927.98,34471083238111.75
2024-02-28,27290151250136.39,7091996957424.14,34382148207560.53
2024-02-27,27290138516220.85,7115061855089.50,34405200371310.35
2024-02-26,27270274003272.75,7106043048764.48,34376317052037.23
2024-02-23,27270277998967.49,7097920373931.67,34368198372899.16
2024-02-22,27242557270675.99,7089449355644.49,34332006626320.48
2024-02-21,27209148794470.33,7088619180868.87,34297767975339.20
2024-02-20,27208868737795.66,7096251893857.85,34305120631653.51
2024-02-16,27183667231435.16,7083563504673.22,34267230736108.38
2024-02-15,27184526004247.38,7081535008405.83,34266061012653.21
2024-02-14,27178010959199.55,7067304272552.47,34245315231752.02
2024-02-13,27177924667834.49,7091135826080.32,34269060493914.81
2024-02-12,27148944676868.26,7081838788515.02,34230783465383.28
2024-02-09,27149917447710.42,7078260848636.45,34228178296346.87
2024-02-08,27150016696468.02,7078682446985.32,34228699143453.34
2024-02-07,27125624577903.55,7071969914445.93,34197594492349.48
2024-02-06,27125821609881.79,7070743038173.98,34196564648055.77
2024-02-05,27095044263981.65,7058929865486.06,34153974129467.71
2024-02-02,27095216791114.36,7052130829072.51,34147347620186.87
2024-02-01,27096145994220.71,7058869635447.96,34155015629668.67
2024-01-31,27071861894841.00,7119288507552.64,34191150402393.64
2024-01-30,27058247867739.38,7114581473729.03,34172829341468.41
2024-01-29,27031268655335.78,7107203835974.24,34138472491310.02
2024-01-26,27031563517077.75,7103893544561.61,34135457061639.36
2024-01-25,27031896294653.96,7103634187637.92,34135530482291.88
2024-01-24,27002945955816.55,7085429121176.76,34088375076993.31
2024-01-23,27003770167433.26,7105608208310.77,34109378375744.03
2024-01-22,26985255075314.51,7091416642396.90,34076671717711.41
2024-01-19,26985839298705.00,7086502734234.15,34072342032939.15
2024-01-18,26986540939549.35,7083359192203.67,34069900131753.02
2024-01-17,26977279309230.03,7082884138400.40,34060163447630.43
2024-01-16,26977085934722.47,7084465647453.58,34061551582176.05
2024-01-12,26984681279437.27,7073476530013.90,34058157809451.17
2024-01-11,26985019110585.66,7073494783888.42,34058513894474.08
2024-01-10,26974362934797.17,7028075942693.64,34002438877490.81
2024-01-09,26974750049637.37,7050025008944.09,34024775058581.46
2024-01-08,26973939599749.78,7038259272542.18,34012198872291.96
2024-01-05,26976084404477.05,7033605651118.76,34009690055595.81
2024-01-04,26976928852286.78,7029342078398.78,34006270930685.56
2024-01-03,26967954226517.79,7026265646050.06,33994219872567.85
2024-01-02,26966333707733.52,7023793814333.31,33990127522066.83
2023-12-29,26938517614684.59,7062976040880.89,34001493655565.48
2023-12-28,26891920450910.61,7019307272259.87,33911227723170.48
2023-12-27,26876335151615.88,7019748226632.17,33896083378248.05
2023-12-26,26876124826110.32,7029348610162.06,33905473436272.38
2023-12-22,26880796429891.38,7020222898994.39,33901019328885.77
2023-12-21,26881279631976.22,7006386458682.18,33887666090658.40
2023-12-20,26870588772826.80,6999934731881.97,33870523504708.77
2023-12-19,26869396109579.57,7022719305079.53,33892115414659.10
2023-12-18,26884939028732.74,7006346105979.34,33891285134712.08
2023-12-15,26884830017231.68,6999015818324.36,33883845835556.04
2023-12-14,26839408031723.60,7000993486502.09,33840401518225.69
2023-12-13,26831255346478.60,6996955240224.82,33828210586703.42
2023-12-12,26833040275300.98,7018280929987.18,33851321205288.16
2023-12-11,26845481309902.06,7007047281644.33,33852528591546.39
2023-12-08,26845547562977.79,7001818570987.49,33847366133965.28
2023-12-07,26846003455945.39,6986812258814.70,33832815714760.09
2023-12-06,26836216971556.28,6981894333835.05,33818111305391.33
2023-12-05,26836499357657.48,6981876798788.72,33818376156446.20
2023-12-04,26842268790912.46,6972353185685.74,33814621976598.20
2023-12-01,26841899141108.59,6960778764596.98,33802677905705.57
2023-11-30,26843822063762.45,7034857303738.75,33878679367501.20
2023-11-29,26777711219088.21,7071491031182.63,33849202250270.84
2023-11-28,26777703430303.32,7074148512644.33,33851851942947.65
2023-11-27,26771780819894.09,7064913173966.26,33836693993860.35
2023-11-24,26771331485159.67,7055955956735.31,33827287441894.98
2023-11-22,26720115499960.31,7046303455654.53,33766418955614.84
2023-11-21,26718585115383.15,7067892421289.93,33786477536673.08
2023-11-20,26692445815829.42,7057731130389.17,33750176946218.59
2023-11-17,26692227905141.52,7053933299692.68,33746161204834.20
2023-11-16,26692308892194.77,7047831408550.30,33740140300745.07
2023-11-15,26660731529922.48,7042068826834.69,33702800356757.17
2023-11-14,26682674360903.60,7058084579394.54,33740758940298.14
2023-11-13,26656511120514.98,7047840223777.05,33704351344292.03
2023-11-10,26656297228213.21,7044221816895.70,33700519045108.91
2023-11-09,26656287173188.21,7044415221297.82,33700702394486.03
2023-11-08,26661887346319.75,7042631955438.58,33704519301758.33
2023-11-07,26660759220080.83,7062365782803.40,33723125002884.23
2023-11-06,26630878504859.46,7054670518622.98,33685549023482.44
2023-11-03,26630035169821.74,7047760798503.63,33677795968325.37
2023-11-02,26630281961741.23,7064028484339.35,33694310446080.58
2023-11-01,26575012517991.32,7062948956745.32,33637961474736.64
2023-10-31,26576222054905.35,7123358284223.14,33699580339128.49
2023-10-30,26556166875895.44,7119286705255.86,33675453581151.30
2023-10-27,26555921813583.64,7119662177726.68,33675583991310.32
2023-10-26,26555584041129.64,7120382649170.96,33675966690300.60
2023-10-25,26555586966540.18,7117822075798.25,33673409042338.43
2023-10-24,26555329165607.14,7128889946257.62,33684219111864.76
2023-10-23,26515454944212.13,7120558838973.59,33636013783185.72
2023-10-20,26514640558602.24,7112638635740.80,33627279194343.04
2023-10-19,26514791447517.55,7112152531967.57,33626943979485.12
2023-10-18,26514600427747.18,7114586677875.61,33629187105622.79
2023-10-17,26514681646246.71,7134005204720.78,33648686850967.49
2023-10-16,26474358051666.99,7115946521626.46,33590304573293.45
2023-10-13,26426737912612.51,7102390342575.97,33529128255188.48
2023-10-12,26427019000844.73,7096045673167.62,33523064674012.35
2023-10-11,26436716538490.99,7100421340919.42,33537137879410.41
2023-10-10,26436036277654.31,7114203028248.53,33550239305902.84
2023-10-06,26402295025521.83,7108538575708.38,33510833601230.21
2023-10-05,26401336139723.41,7112046372940.10,33513382512663.51
2023-10-04,26366947230514.69,7111012817290.78,33477960047805.47
2023-10-03,26367058728957.29,7107846139069.01,33474904868026.30
2023-10-02,26339002538627.28,7103146080990.15,33442148619617.43
2023-09-29,26330142473191.94,6837191571531.22,33167334044723.16
2023-09-28,26289027123953.30,6837449252984.06,33126476376937.36
2023-09-27,26274995762333.71,6851915709042.10,33126911471375.81
2023-09-26,26275119110710.20,6871289883822.16,33146408994532.36
2023-09-25,26257540552723.90,6854519839226.39,33112060391950.29
2023-09-22,26257563828493.74,6844401974406.66,33101965802900.40
2023-09-21,26256883939422.64,6843524418049.17,33100408357471.81
2023-09-20,26234126979922.55,6836676863562.09,33070803843484.64
2023-09-19,26234340083526.65,6857504027289.00,33091844110815.65
2023-09-18,26214774694145.72,6839176143575.18,33053950837720.90
2023-09-15,26214467619830.38,6830391110637.66,33044858730468.04
2023-09-14,26166758026969.24,6821874816694.86,32988632843664.10
2023-09-13,26140787908311.45,6818717245265.57,32959505153577.02
2023-09-12,26140258067985.33,6839663548727.33,32979921616712.66
2023-09-11,26109190196680.37,6831439396144.29,32940629592824.66
2023-09-08,26109080792236.31,6831580411285.56,32940661203521.87
2023-09-07,26108844533675.44,6826805949872.26,32935650483547.70
2023-09-06,26077580698557.50,6825573000129.27,32903153698686.77
2023-09-05,26077617922113.74,6813047295592.09,32890665217705.83
2023-09-01,26044507800625.70,6797008538428.83,32841516339054.53
2023-08-31,26044050577584.54,6870098786176.41,32914149363760.95
2023-08-30,25982664124907.71,6871788732712.39,32854452857620.10
2023-08-29,25982708609301.70,6873750407310.25,32856459016611.95
2023-08-28,25947218499165.31,6867224506399.54,32814443005564.85
2023-08-25,25946514803377.09,6863708742769.77,32810223546146.86
2023-08-24,25922115213450.97,6855764514954.54,32777879728405.51
2023-08-23,25886300370614.66,6854072396998.96,32740372767613.62
2023-08-22,25886489572735.04,6872817707411.95,32759307280146.99
2023-08-21,25851338453031.71,6859296010089.41,32710634463121.12
2023-08-18,25850890627408.14,6853524326841.34,32704414954249.48
2023-08-17,25850475396069.84,6853217148560.19,32703692544630.03
2023-08-16,25814897784477.01,6846680465200.02,32661578249677.03
2023-08-15,25814344975175.86,6865596448992.73,32679941424168.59
2023-08-14,25812732982266.50,6850797467502.27,32663530449768.77
2023-08-11,25812094620607.35,6846513599635.79,32658608220243.14
2023-08-10,25812225197718.34,6845837808892.23,32658063006610.57
2023-08-09,25778304585040.20,6842625742793.91,32620930327834.11
2023-08-08,25778440181711.50,6865696682925.27,32644136864636.77
2023-08-07,25759016987176.09,6852289812132.15,32611306799308.24
2023-08-04,25758851818235.69,6844294256893.84,32603146075129.53
2023-08-03,25759287856824.22,6845039787664.48,32604327644488.70
2023-08-02,25740356333124.46,6858995021324.67,32599351354449.13
2023-08-01,25740123485927.36,6847445496577.85,32587568982505.21
2023-07-31,25708799188483.91,6899785884182.23,32608585072666.14
2023-07-28,25752739140296.84,6904381456201.17,32657120596498.01
2023-07-27,25753140068904.18,6906238622345.23,32659378691249.41
2023-07-26,25731546565342.25,6903300137401.85,32634846702744.10
2023-07-25,25731318151865.02,6919905604112.59,32651223755977.61
2023-07-24,25696796546929.52,6900972490264.11,32597769037193.63
2023-07-21,25696711160445.54,6896251664018.17,32592962824463.71
2023-07-20,25696346915423.59,6895879413477.71,32592226328901.30
2023-07-19,25679252837370.23,6890662138007.97,32569914975378.20
2023-07-18,25679320577331.03,6911611290661.74,32590931867992.77
2023-07-17,25640127926386.32,6894882259909.02,32535010186295.34
2023-07-14,25653572867943.31,6888837915123.21,32542410783066.52
2023-07-13,25653457820714.17,6888864972685.43,32542322793399.60
2023-07-12,25633821130387.02,6884574686385.15,32518395816772.17
2023-07-11,25633781683720.91,6904685134353.32,32538466818074.23
2023-07-10,25588803096223.83,6892303235964.87,32481106332188.70
2023-07-07,25589710081130.35,6887846940074.65,32477557021205.00
2023-07-06,25589897134579.63,6884516187620.92,32474413322200.55
2023-07-05,25519177294520.73,6882950276436.94,32402127570957.67
2023-07-03,25459084714008.85,6861775945258.87,32320860659267.72
2023-06-30,25461998188055.84,6870275996707.15,32332274184762.99
2023-06-29,25430243041777.75,6887528328138.10,32317771369915.85
2023-06-28,25361829706692.20,6885167293279.59,32246996999971.79
2023-06-27,25361694924458.65,6904932744036.02,32266627668494.67
2023-06-26,25301524659262.37,6893802910067.72,32195327569330.09
2023-06-23,25300770075189.85,6871806491457.76,32172576566647.61
2023-06-22,25300472765476.35,6868177132827.59,32168649898303.94
2023-06-21,25229448283990.68,6866294081506.81,32095742365497.49
2023-06-20,25228858760169.95,6876344438162.73,32105203198332.68
2023-06-16,25178190392307.09,6866158484695.55,32044348877002.64
2023-06-15,25178340697038.00,6860903777199.54,32039244474237.54
2023-06-14,25102753092893.82,6851694167283.85,31954447260177.67
2023-06-13,25103112337735.63,6872182398142.32,31975294735877.95
2023-06-12,25068366483285.59,6857917652737.93,31926284136023.52
2023-06-09,25067359532394.48,6853789232442.51,31921148764836.99
2023-06-08,25067556730313.10,6853700851167.14,31921257581480.24
2023-06-07,25047345441645.83,6809660294701.74,31857005736347.57
2023-06-06,25047398385875.44,6808582354756.38,31855980740631.82
2023-06-05,25032142794296.03,6793536028933.41,31825678823229.44
2023-06-02,24702383053957.66,6764716867070.85,31467099921028.51
2023-06-01,24690309627385.24,6777329660509.15,31467639287894.39
2023-05-31,24630686283413.55,6833771182109.43,31464457465522.98
2023-05-30,24634298664090.12,6829689994675.63,31463988658765.75
2023-05-26,24635928951197.20,6829013360342.85,31464942311540.05
2023-05-25,24634289587393.08,6831192654672.39,31465482242065.47
2023-05-24,24635199871338.14,6826418754598.20,31461618625936.34
2023-05-23,24620574476453.96,6841580378448.99,31462154854902.95
2023-05-22,24632270448804.39,6828289461752.92,31460559910557.31
2023-05-19,24637236875327.69,6824910441451.25,31462147316778.94
2023-05-18,24637327117844.81,6825349417548.85,31462676535393.66
2023-05-17,24637068788324.66,6820965874300.84,31458034662625.50
2023-05-16,24622446659092.64,6836111250599.06,31458557909691.70
2023-05-15,24632499077869.51,6824608022837.94,31457107100707.45
2023-05-12,24639658124898.10,6818874044431.71,31458532169329.81
2023-05-11,24639687475035.30,6819364245074.78,31459051720110.08
2023-05-10,24641172605144.54,6816249353866.72,31457421959011.26
2023-05-09,24619937084187.34,6838002772968.17,31457939857155.51
2023-05-08,24627341968877.85,6829882015666.65,31457223984544.50
2023-05-05,24636096207170.77,6822678594448.98,31458774801619.75
2023-05-04,24638820908771.95,6820470933938.83,31459291842710.78
2023-05-03,24635834770776.97,6821651885886.53,31457486656663.50
2023-05-02,24620365800256.98,6837631277818.48,31457997078075.46
2023-05-01,24647679693931.41,6809719186519.44,31457398880450.85
2023-04-28,24605068022566.94,6852746625848.93,31457814648415.87
2023-04-27,24607260377321.56,6852359298858.09,31459619676179.65
2023-04-26,24609136413572.05,6848878264748.21,31458014678320.26
2023-04-25,24594031097296.96,6864490103938.27,31458521201235.23
2023-04-24,24606854923098.48,6851084917060.91,31457939840159.39
2023-04-21,24620279846808.14,6839189163352.41,31459469010160.55
2023-04-20,24626946141219.75,6833032773668.00,31459978914887.75
2023-04-19,24629878779698.90,6826735726155.54,31456614505854.44
2023-04-18,24627869055404.14,6829250509941.47,31457119565345.61
2023-04-17,24641048702094.30,6815396594225.11,31456445296319.41
2023-04-14,24670728299167.00,6787251147574.25,31457979446741.25
2023-04-13,24671975995707.11,6786514895052.29,31458490890759.40
2023-04-12,24675443057972.80,6781486863386.04,31456929921358.84
2023-04-11,24656053808856.67,6801385332334.48,31457439141191.15
2023-04-10,24660050352151.30,6796741794382.60,31456792146533.90
2023-04-07,24669374971133.27,6788949252929.79,31458324224063.06
2023-04-06,24669012664010.21,6789822247715.85,31458834911726.06
2023-04-05,24674103950594.51,6783199274429.07,31457303225023.58
2023-04-04,24675090313100.14,6782724069791.36,31457814382891.50
2023-04-03,24697739971933.05,6759422120102.10,31457162092035.15
2023-03-31,24693515037758.24,6764922537269.94,31458437575028.18
2023-03-30,24641815856835.50,6819102055165.14,31460917912000.64
2023-03-29,24649090662093.88,6810303520080.26,31459394182174.14
2023-03-28,24650286277272.32,6809609472394.87,31459895749667.19
2023-03-27,24657636419589.87,6801634274425.01,31459270694014.88
2023-03-24,24670017751549.63,6790767207369.65,31460784958919.28
2023-03-23,24672446327613.34,6788843837971.41,31461290165584.75
2023-03-22,24672395872106.05,6785982901386.66,31458378773492.71
2023-03-21,24654812423447.06,6804065637157.62,31458878060604.68
2023-03-20,24660461245713.11,6797786320259.93,31458247565973.04
2023-03-17,24642348579839.15,6817405678290.71,31459754258129.86
2023-03-16,24651327466524.76,6808929162699.81,31460256629224.57
2023-03-15,24653951364406.07,6804847893829.41,31458799258235.48
2023-03-14,24635939474269.94,6823360387010.22,31459299861280.16
2023-03-13,24688026061245.58,6770503626776.63,31458529688022.21
2023-03-10,24694495096597.19,6765534458250.42,31460029554847.61
2023-03-09,24648520075669.90,6812009483924.79,31460529559594.69
2023-03-08,24655743073935.02,6803263085634.60,31459006159569.62
2023-03-07,24638105509923.23,6821404118265.70,31459509628188.93
2023-03-06,24648784848938.02,6809914026814.63,31458698875752.65
2023-03-03,24656606027326.08,6803593175960.65,31460199203286.73
2023-03-02,24638428808442.94,6822270481572.07,31460699290015.01
2023-03-01,24651114436516.83,6807963062626.35,31459077499143.18
2023-02-28,24609240801721.77,6850050656857.69,31459291458579.46
2023-02-27,24613895583877.09,6842475119551.23,31456370703428.32
2023-02-24,24614739029627.85,6843111779176.57,31457850808804.42
2023-02-23,24622064217855.12,6836280295196.28,31458344513051.40
2023-02-22,24617347968404.01,6837569237298.36,31454917205702.37
2023-02-21,24617040735960.56,6838368662277.79,31455409398238.35
2023-02-17,24622821116330.88,6833245712467.66,31456066828798.54
2023-02-16,24629050125670.81,6827504504825.47,31456554630496.28
2023-02-15,24632690699646.77,6822184645392.67,31454875345039.44
2023-02-14,24620832367364.22,6834287258719.87,31455119626084.09
2023-02-13,24628372758461.60,6825951978918.10,31454324737379.70
2023-02-10,24631981684311.92,6823765158936.24,31455746843248.16
2023-02-09,24632706860395.91,6823514069774.77,31456220930170.68
2023-02-08,24633964941304.68,6820672048348.59,31454636989653.27
2023-02-07,24615758519222.41,6839348282569.04,31455106801791.45
2023-02-06,24625672259290.92,6828644369333.43,31454316628624.35
2023-02-03,24632540316493.99,6823160472707.70,31455700789201.69
2023-02-02,24614111117623.54,6842051083065.44,31456162200688.98
2023-02-01,24627866879154.63,6826658524699.08,31454525403853.71
2023-01-31,24583993573074.66,6870988654664.50,31454982227739.16
2023-01-30,24591455277525.03,6864447472333.25,31455902749858.28
2023-01-27,24594507779579.46,6862739414413.03,31457247193992.49
2023-01-26,24595370749863.17,6862325460574.27,31457696210437.44
2023-01-25,24601728913404.86,6852679231043.18,31454408144448.04
2023-01-24,24588029392842.30,6866818436909.03,31454847829751.33
2023-01-23,24597079083052.30,6856627431441.51,31453706514493.81
2023-01-20,24597711562696.43,6857268443045.97,31454980005742.40
2023-01-19,24597726186235.73,6857678348481.85,31455404534717.58
2023-01-18,24529263311432.61,6885097249496.18,31414360560928.79
2023-01-17,24529073534926.79,6887365032577.67,31416438567504.46
2023-01-13,24509049953688.03,6875444622065.73,31384494575753.76
2023-01-12,24508970410562.73,6875215832367.95,31384186242930.68
2023-01-11,24503936952202.58,6871205046472.39,31375141998674.97
2023-01-10,24503808492232.59,6891324624480.60,31395133116713.19
2023-01-09,24510491360745.09,6878389159616.87,31388880520361.96
2023-01-06,24510694268778.74,6874750261355.37,31385444530134.11
2023-01-05,24510300399440.90,6870009587249.12,31380309986690.02
2023-01-04,24507810943956.64,6867738307192.66,31375549251149.30
2023-01-03,24507554337075.14,6843631783954.80,31351186121029.94
2022-12-30,24517593324394.19,6902096097163.71,31419689421557.90
2022-12-29,24476186628276.12,6850117320895.60,31326303949171.72
2022-12-28,24474954689462.91,6849442138551.11,31324396828014.02
2022-12-27,24473926570106.05,6862118748337.79,31336045318443.84
2022-12-23,24490152364372.34,6855804643064.64,31345957007436.98
2022-12-22,24489806162692.45,6837672495017.97,31327478657710.42
2022-12-21,24486773540644.66,6832771132379.42,31319544673024.08
2022-12-20,24486055520669.80,6850669680331.92,31336725201001.72
2022-12-19,24513285125511.79,6841967524017.86,31355252649529.65
2022-12-16,24513353055221.64,6833773904622.68,31347126959844.32
2022-12-15,24512614034405.35,6807013274028.77,31319627308434.12
2022-12-14,24460952760896.41,6823359947081.11,31284312707977.52
2022-12-13,24462245795846.61,6841899329218.49,31304145125065.10
2022-12-12,24484165270687.53,6833517241050.57,31317682511738.10
2022-12-09,24483317280902.30,6828022538244.18,31311339819146.48
2022-12-08,24483967184989.59,6826827932662.89,31310795117652.48
2022-12-07,24522778382020.78,6812308900718.26,31335087282739.04
2022-12-06,24525522795969.07,6813023012000.82,31338545807969.89
2022-12-05,24545057009666.98,6807740917611.00,31352797927277.98
2022-12-02,24546284664471.75,6803852701618.11,31350137366089.86
2022-12-01,24548085263208.48,6815139225725.85,31363224488934.33
2022-11-30,24553456579697.93,6859865885618.37,31413322465316.30
2022-11-29,24518730678216.08,6855104860475.34,31373835538691.42
2022-11-28,24522908434421.07,6847909609694.73,31370818044115.80
2022-11-25,24524431584946.76,6843350600328.40,31367782185275.16
2022-11-23,24498705045728.79,6835328364836.04,31334033410564.83
2022-11-22,24498940310307.41,6849522229857.35,31348462540164.76
2022-11-21,24445710962416.74,6841630894616.68,31287341857033.42
2022-11-18,24445286394751.42,6837394972193.86,31282681366945.28
2022-11-17,24445390138404.45,6839810386593.25,31285200524997.70
2022-11-16,24440834832198.03,6830838776892.18,31271673609090.21
2022-11-15,24439731241217.50,6848442033787.73,31288173275005.23
2022-11-14,24422187334127.25,6833093859910.44,31255281194037.69
2022-11-10,24421759397777.80,6830252554628.80,31252011952406.60
2022-11-09,24415475380398.35,6828167595385.84,31243642975784.19
2022-11-08,24414960171859.34,6846677045882.00,31261637217741.34
2022-11-07,24386696051495.91,6836841623070.59,31223537674566.50
2022-11-04,24386136917562.59,6833994714013.79,31220131631576.38
2022-11-03,24386445346851.25,6832500073416.31,31218945420267.56
2022-11-02,24378672839101.38,6843169830692.35,31221842669793.73
2022-11-01,24378511504145.56,6833222137728.42,31211733641873.98
2022-10-31,24352541663465.59,6885759485893.93,31238301149359.52
2022-10-28,24375346150436.82,6881061648828.00,31256407799264.82
2022-10-27,24374113303700.19,6883641435546.75,31257754739246.94
2022-10-26,24371286875157.24,6880977664498.74,31252264539655.98
2022-10-25,24370660275741.41,6897141188889.02,31267801464630.43
2022-10-24,24347817271984.35,6882327396966.05,31230144668950.40
2022-10-21,24347298846397.92,6881294624487.35,31228593470885.27
2022-10-20,24347230421264.75,6879546823056.13,31226777244320.88
2022-10-19,24349997077337.59,6871580817961.73,31221577895299.32
2022-10-18,24349884301200.28,6889123229662.68,31239007530862.96
2022-10-17,24337797792146.07,6873628200679.08,31211425992825.15
2022-10-14,24285155079568.71,6863069122179.60,31148224201748.31
2022-10-13,24285309326318.59,6859643403011.61,31144952729330.20
2022-10-12,24284135644567.68,6859579034417.00,31143714678984.68
2022-10-11,24284148392021.21,6867466508167.58,31151614900188.79
2022-10-07,24289555258726.70,6859331563771.16,31148886822497.86
2022-10-06,24289853540356.64,6859266200918.03,31149119741274.67
2022-10-05,24288995636259.98,6853595671000.03,31142591307260.01
2022-10-04,24288376193590.75,6848642913463.43,31137019107054.18
2022-10-03,24294113407974.24,6829774373427.10,31123887781401.34
2022-09-30,24299192620158.51,6629718993148.22,30928911613306.73
2022-09-29,24252296040720.49,6619068314658.76,30871364355379.25
2022-09-28,24251147924159.27,6636117250859.31,30887265175018.58
2022-09-27,24251204677164.30,6654885336784.99,30906090013949.29
2022-09-26,24261991624316.95,6648240894466.64,30910232518783.59
2022-09-23,24261913752067.08,6637468094777.60,30899381846844.68
2022-09-22,24262119192823.44,6632701730433.94,30894820923257.38
2022-09-21,24259893533913.04,6626370352664.43,30886263886577.47
2022-09-20,24259860964887.67,6642163307342.82,30902024272230.49
2022-09-19,24269365041132.85,6631247250276.68,30900612291409.53
2022-09-16,24269701912640.61,6620897283863.85,30890599196504.46
2022-09-15,24269208569512.02,6617626647501.98,30886835217014.00
2022-09-14,24277735795734.93,6608104618427.33,30885840414162.26
2022-09-13,24277091954661.92,6625347235484.08,30902439190146.00
2022-09-12,24277951601745.72,6620250167006.02,30898201768751.74
2022-09-09,24277780650175.09,6616313473208.45,30894094123383.54
2022-09-08,24277401630153.32,6616721459966.12,30894123090119.44
2022-09-07,24275742755323.11,6622133870686.20,30897876626009.31
2022-09-06,24273892938014.51,6614009088830.26,30887902026844.77
2022-09-02,24265249353650.98,6606786130363.50,30872035484014.48
2022-09-01,24265237267051.03,6614126256805.85,30879363523856.88
2022-08-31,24267551242280.32,6668523972602.09,30936075214882.41
2022-08-30,24216548517136.84,6662551003248.14,30879099520384.98
2022-08-29,24195947091069.71,6656205269306.38,30852152360376.09
2022-08-26,24193808246140.62,6653184601954.04,30846992848094.66
2022-08-25,24170525091479.93,6653855517282.95,30824380608762.88
2022-08-24,24109361188937.07,6642467161463.08,30751828350400.15
2022-08-23,24109372250554.94,6668065382631.71,30777437633186.65
2022-08-22,24087312326304.38,6652980278923.47,30740292605227.85
2022-08-19,24084753661617.55,6646638290748.80,30731391952366.35
2022-08-18,24084274136453.14,6645639407365.55,30729913543818.69
2022-08-17,24082096945371.80,6642301608778.11,30724398554149.91
2022-08-16,24081843468911.97,6654745840151.54,30736589309063.51
2022-08-15,24051002065916.77,6644426581211.61,30695428647128.38
2022-08-12,24029790764887.23,6632109856312.75,30661900621199.98
2022-08-11,24029273779535.94,6630984025364.79,30660257804900.73
2022-08-10,24028355531684.22,6628126123442.95,30656481655127.17
2022-08-09,24027688178378.89,6624213485619.08,30651901663997.97
2022-08-08,23986683311303.22,6614242183344.44,30600925494647.66
2022-08-05,23983838470700.05,6605441764159.29,30589280234859.34
2022-08-04,23983681402419.74,6604894986692.72,30588576389112.46
2022-08-03,23982581351353.18,6598676476767.61,30581257828120.79
2022-08-02,23982476636558.98,6613492934210.79,30595969570769.77
2022-08-01,23941782429899.12,6594628110655.06,30536410540554.18
2022-07-29,23952579183056.89,6642529384133.17,30595108567190.06
2022-07-28,23934024135680.86,6646901251175.86,30580925386856.72
2022-07-27,23938026629298.98,6643604020967.56,30581630650266.54
2022-07-26,23937355436875.30,6660907485974.42,30598262922849.72
2022-07-25,23896763874312.44,6646795950868.96,30543559825181.40
2022-07-22,23894509345529.13,6635363912123.91,30529873257653.04
2022-07-21,23893927868017.57,6633669823269.19,30527597691286.76
2022-07-20,23905417095182.62,6626612810259.54,30532029905442.16
2022-07-19,23904694525375.66,6648969370284.60,30553663895660.26
2022-07-18,23888760234588.95,6634980813885.83,30523741048474.78
2022-07-15,23886461499060.70,6628837094877.06,30515298593937.76
2022-07-14,23869748457708.38,6622970283512.88,30492718741221.26
2022-07-13,23884607386844.94,6622245836856.72,30506853223701.66
2022-07-12,23884255855136.96,6640726273714.10,30524982128851.06
2022-07-11,23888492594959.37,6630808408433.88,30519301003393.25
2022-07-08,23885954225244.84,6622339584264.49,30508293809509.33
2022-07-07,23887764405631.71,6618471936243.31,30506236341875.02
2022-07-06,23907379587637.67,6616381594039.57,30523761181677.24
2022-07-05,23905300285648.70,6594467344393.95,30499767630042.65
2022-07-01,23907043409165.39,6579125390132.29,30486168799297.68
2022-06-30,23912159729664.37,6656422299394.58,30568582029058.95
2022-06-29,23874314385857.11,6597631021175.43,30471945407032.54
2022-06-28,23874198004998.78,6598433496346.47,30472631501345.25
2022-06-27,23877620707674.42,6587858195386.72,30465478903061.14
2022-06-24,23876061756550.94,6583056323308.76,30459118079859.70
2022-06-23,23852955061361.41,6569340988851.23,30422296050212.64
2022-06-22,23871683179793.21,6566757852466.19,30438441032259.40
2022-06-21,23870090956247.71,6574260867761.71,30444351824009.42
2022-06-17,23879069528264.11,6568655037314.78,30447724565578.89
2022-06-16,23876682603860.46,6559957560767.33,30436640164627.79
2022-06-15,23899977909751.77,6550450080061.52,30450427989813.29
2022-06-14,23840725394402.90,6561646614972.90,30402372009375.80
2022-06-13,23849889487367.57,6551339335949.99,30401228823317.56
2022-06-10,23849474859571.62,6546487683962.71,30395962543534.33
2022-06-09,23849445135818.63,6547319103870.67,30396764239689.30
2022-06-08,23872735297279.37,6543748050152.94,30416483347432.31
2022-06-07,23872184873595.67,6545402258350.49,30417587131946.16
2022-06-06,23882174574916.76,6538712644458.26,30420887219375.02
2022-06-03,23880625503340.64,6531925121436.12,30412550624776.76
2022-06-02,23880949611916.73,6544709461402.31,30425659073319.04
2022-06-01,23901123998249.97,6539854091006.74,30440978089256.71
2022-05-31,23904391446377.85,6595227074868.94,30499618521246.79
2022-05-27,23832623846690.77,6591867471536.73,30424491318227.50
2022-05-26,23809737647931.04,6591847395776.43,30401585043707.47
2022-05-25,23833748517379.58,6587178810171.32,30420927327550.90
2022-05-24,23832717230524.74,6603767982848.62,30436485213373.36
2022-05-23,23841258077655.25,6584014510460.00,30425272588115.25
2022-05-20,23838574996348.87,6577983373773.27,30416558370122.14
2022-05-19,23840146048104.13,6577144170484.47,30417290218588.60
2022-05-18,23862533970642.43,6571104193016.76,30433638163659.19
2022-05-17,23861554218139.08,6587363460814.50,30448917678953.58
2022-05-16,23873830600715.82,6572378491973.29,30446209092689.11
2022-05-13,23819289486265.17,6564009782614.36,30383299268879.53
2022-05-12,23818175829206.51,6564094520052.19,30382270349258.70
2022-05-11,23836594143128.62,6559682938976.88,30396277082105.50
2022-05-10,23836187718547.96,6577159911721.09,30413347630269.05
2022-05-09,23848804616521.92,6565883059265.05,30414687675786.97
2022-05-06,23846960649213.85,6558908353859.35,30405869003073.20
2022-05-05,23844952001831.40,6554345357455.08,30399297359286.48
2022-05-04,23864363727716.02,6545769270504.14,30410132998220.16
2022-05-03,23862621422333.01,6540776961795.45,30403398384128.46
2022-05-02,23875234532634.35,6527387368378.16,30402621901012.51
2022-04-29,23847245116757.60,6526909395140.41,30374154511898.01
2022-04-28,23824798178720.12,6577782321533.87,30402580500253.99
2022-04-27,23835678346099.82,6580928953645.39,30416607299745.21
2022-04-26,23833250536651.21,6596692615943.35,30429943152594.56
2022-04-25,23847559906008.04,6589039100614.77,30436599006622.81
2022-04-22,23845724960882.41,6575170904191.14,30420895865073.55
2022-04-21,23844948076493.78,6572873202360.61,30417821278854.39
2022-04-20,23844550883060.78,6564469860414.03,30409020743474.81
2022-04-19,23844892472878.59,6579138738222.27,30424031211100.86
2022-04-18,23868824106796.53,6551821953174.27,30420646059970.80
2022-04-15,23742712293275.44,6540488115909.63,30283200409185.07
2022-04-14,23831840440480.41,6516287937706.05,30348128378186.46
2022-04-13,23827992412843.03,6509956115038.06,30337948527881.09
2022-04-12,23827481704084.16,6525634451316.09,30353116155400.25
2022-04-11,23850958883454.16,6515190901322.40,30366149784776.56
2022-04-08,23849447857187.93,6508805515338.89,30358253372526.82
2022-04-07,23850625204969.95,6504935773837.47,30355560978807.42
2022-04-06,23847773785495.59,6498970051447.93,30346743836943.52
2022-04-05,23848224477303.94,6496535251126.03,30344759728429.97
2022-04-04,23877671033998.57,6482571354884.25,30360242388882.82
2022-04-01,23876871508574.59,6464859412839.09,30341730921413.68
2022-03-31,23879767750374.44,6521192177806.53,30400959928180.97
2022-03-30,23774952716381.74,6522773025833.11,30297725742214.85
2022-03-29,23774340616832.05,6521317612945.30,30295658229777.35
2022-03-28,23804407189474.30,6512008255649.32,30316415445123.62
2022-03-25,23802522106432.78,6507939873264.30,30310461979697.08
2022-03-24,23779423004315.70,6499223891513.29,30278646895828.99
2022-03-23,23778997678615.26,6499419654752.79,30278417333368.05
2022-03-22,23777405061375.42,6513638697157.18,30291043758532.60
2022-03-21,23789792101768.08,6503147999534.63,30292940101302.71
2022-03-18,23787659867729.49,6496915869938.85,30284575737668.34
2022-03-17,23786300309155.52,6495682618972.40,30281982928127.92
2022-03-16,23773649542061.15,6483343624238.37,30256993166299.52
2022-03-15,23772836781526.72,6496526705520.43,30269363487047.15
2022-03-14,23706410557359.65,6486332579139.86,30192743136499.51
2022-03-11,23704961287210.77,6466386386466.36,30171347673677.13
2022-03-10,23703290948350.70,6465864713794.31,30169155662145.01
2022-03-09,23756649906514.66,6482385906913.23,30239035813427.89
2022-03-08,23756027666634.96,6499095186047.86,30255122852682.82
2022-03-07,23769812566803.95,6485849737396.72,30255662304200.67
2022-03-04,23768629464692.05,6479464483298.34,30248093947990.39
2022-03-03,23767848090519.97,6478068252485.80,30245916343005.77
2022-03-02,23761655231136.13,6489948843629.01,30251604074765.14
2022-03-01,23760884566152.14,6479014315903.30,30239898882055.44
2022-02-28,23776559880654.69,6513792792133.57,30290352672788.26
2022-02-25,23674701459931.29,6506604580769.81,30181306040701.10
2022-02-24,23650094462737.71,6506650764801.72,30156745227539.43
2022-02-23,23643313423251.08,6504427056025.24,30147740479276.32
2022-02-22,23640796749421.98,6508806072796.29,30149602822218.27
2022-02-18,23639007666740.88,6497867387813.21,30136875054554.09
2022-02-17,23638496766854.49,6478097336074.77,30116594102929.26
2022-02-16,23630364799178.54,6487079732399.14,30117444531577.68
2022-02-15,23629210092090.68,6502537047511.72,30131747139602.40
2022-02-14,23553290709911.88,6487030474116.35,30040321184028.23
2022-02-11,23552900361237.27,6484655856940.95,30037556218178.22
2022-02-10,23552446303427.89,6483721603015.82,30036167906443.71
2022-02-09,23546381809272.50,6479933811019.76,30026315620292.26
2022-02-08,23546487028994.99,6497821682218.56,30044308711213.55
2022-02-07,23520665528247.36,6485893966540.76,30006559494788.12
2022-02-04,23520871235145.52,6479864711822.47,30000735946967.99
2022-02-03,23520768810384.49,6476579254968.15,29997348065352.64
2022-02-02,23514973913252.55,6488240088064.54,30003214001317.09
2022-02-01,23514256725319.07,6492447128389.61,30006703853708.68
2022-01-31,23487180861724.36,6525205197513.93,30012386059238.29
2022-01-28,23396713465058.67,6526833830092.60,29923547295151.27
2022-01-27,23396325976939.30,6527943664906.81,29924269641846.11
2022-01-26,23389827511089.61,6521199434107.83,29911026945197.44
2022-01-25,23388573688602.23,6534336495208.69,29922910183810.92
2022-01-24,23359986549166.17,6521290965111.63,29881277514277.80
2022-01-21,23358107262787.03,6514370786251.44,29872478049038.47
2022-01-20,23357247989199.74,6509773520374.18,29867021509573.92
2022-01-19,23344873734139.90,6505745955544.80,29850619689684.70
2022-01-18,23343151893368.79,6525635078786.37,29868786972155.16
2022-01-14,23257604801754.91,6487351075953.81,29744955877708.72
2022-01-13,23257631673763.52,6486724689302.40,29744356363065.92
2022-01-12,23298964278988.09,6483296647274.81,29782260926262.90
2022-01-11,23297954520520.72,6500731900538.69,29798686421059.41
2022-01-10,23231536681984.59,6489779559528.28,29721316241512.87
2022-01-07,23229647025413.05,6482559783871.63,29712206809284.68
2022-01-06,23229972540996.60,6481300519207.24,29711273060203.84
2022-01-05,23214140155933.97,6474571643749.92,29688711799683.89
2022-01-04,23211833164968.02,6472962562330.75,29684795727298.77
2022-01-03,23144361951919.29,6417552027181.30,29561913979100.59
2021-12-31,23143747354717.21,6473467501334.54,29617214856051.75
2021-12-30,23032719604617.45,6462083263348.15,29494802867965.60
2021-12-29,23014779515683.95,6458971638975.97,29473751154659.92
2021-12-28,23011724666665.37,6458477106364.37,29470201773029.74
2021-12-27,22942742141336.90,6449757804153.00,29392499945489.90
2021-12-24,22938681857522.76,6427805421108.45,29366487278631.21
2021-12-23,22938284268590.05,6426561647888.93,29364845916478.98
2021-12-22,22954312648527.14,6416806381348.80,29371119029875.94
2021-12-21,22891867408153.57,6431749701910.68,29323617110064.25
2021-12-20,22804697508280.00,6422536842557.28,29227234350837.28
2021-12-17,22801698897579.86,6417463263056.68,29219162160636.54
2021-12-16,22799216577400.12,6407065020029.51,29206281597429.63
2021-12-15,22571130981329.51,6336860974643.87,28907991955973.38
2021-12-14,22674771054977.96,6233233752317.17,28908004807295.13
2021-12-13,22684045769218.64,6223959088226.48,28908004857445.12
2021-12-10,22686899887990.36,6221143753458.05,28908043641448.41
2021-12-09,22686195368295.52,6221861202318.35,28908056570613.87
2021-12-08,22688938594240.60,6219092616833.23,28908031211073.83
2021-12-07,22679802644448.84,6228241369802.67,28908044014251.51
2021-12-06,22685354502861.49,6222688465677.85,28908042968539.34
2021-12-03,22688917422422.73,6219163444678.46,28908080867101.19
2021-12-02,22691973960299.16,6216119538689.30,28908093498988.46
2021-12-01,22679533846580.46,6228440721342.33,28907974567922.79
2021-11-30,22645911986862.15,6262074927758.33,28907986914620.48
2021-11-29,22645683122576.67,6262951797949.74,28908634920526.41
2021-11-26,22648879890396.04,6259792076507.21,28908671966903.25
2021-11-24,22651368137283.30,6257294871117.29,28908663008400.59
2021-11-23,22645808245114.56,6262866974321.33,28908675219435.89
2021-11-22,22657307458326.65,6251366198424.50,28908673656751.15
2021-11-19,22666452417440.08,6242257495770.04,28908709913210.12
2021-11-18,22666644776856.15,6242077220336.22,28908721997192.37
2021-11-17,22670201064177.64,6238505503547.62,28908706567725.26
2021-11-16,22660119082556.45,6248599546980.48,28908718629536.93
2021-11-15,22670153105823.14,6238567036630.92,28908720142454.06
2021-11-12,22677433647927.06,6231323044459.26,28908756692386.32
2021-11-10,22675886752959.40,6232870097950.09,28908756850909.49
2021-11-09,22658378416183.86,6250390649598.20,28908769065782.06
2021-11-08,22666121515143.27,6242649719691.62,28908771234834.89
2021-11-05,22670992194387.46,6237815687782.93,28908807882170.39
2021-11-04,22671766540621.87,6237053555790.66,28908820096412.53
2021-11-03,22675030332554.53,6233712650588.52,28908742983143.05
2021-11-02,22659988386285.71,6248766742118.55,28908755128404.26
2021-11-01,22679949022472.05,6228804212527.64,28908753234999.69
2021-10-29,22637089774173.57,6271675566380.76,28908765340554.33
2021-10-28,22630942029555.55,6277832702187.16,28908774731742.71
2021-10-27,22625211651178.41,6283544912155.97,28908756563334.38
2021-10-26,22610118974697.78,6298649539046.98,28908768513744.76
2021-10-25,22589729855507.01,6319036640602.84,28908766496109.85
2021-10-22,22588315019747.81,6320487012676.40,28908802032424.21
2021-10-21,22527510913093.78,6353722768191.38,28881233681285.16
2021-10-20,22481409657642.12,6347468734557.11,28828878392199.23
2021-10-19,22480805952712.50,6361683365947.90,28842489318660.40
2021-10-18,22474664369899.09,6346610987094.44,28821275356993.53
2021-10-15,22413003451825.17,6341075331124.93,28754078782950.10
2021-10-14,22395833436622.80,6332335369770.65,28728168806393.45
2021-10-13,22151823777639.84,6277020417433.36,28428844195073.20
2021-10-12,22143378621203.66,6285473674466.66,28428852295670.32
2021-10-08,22150090021441.85,6278798185715.96,28428888207157.81
2021-10-07,22153679070742.42,6275220768598.78,28428899839341.20
2021-10-06,22157751249505.98,6271104791376.86,28428856040882.84
2021-10-05,22157021989946.12,6271845656985.97,28428867646932.09
2021-10-04,22179617080290.56,6249254995499.38,28428872075789.94
2021-10-01,22199006158679.03,6229900789006.28,28428906947685.31
2021-09-30,22282900363084.77,6146018206963.91,28428918570048.68
2021-09-29,22270512165443.39,6156597837010.07,28427110002453.46
2021-09-28,22264101485917.49,6163020263009.75,28427121748927.24
2021-09-27,22256338250050.82,6170789739032.27,28427127989083.09
2021-09-24,22258560217860.66,6168603078564.77,28427163296425.43
2021-09-23,22268769908383.62,6158405155555.71,28427175063939.33
2021-09-22,22272250116489.61,6154921969847.41,28427172086337.02
2021-09-21,22261385155784.91,6165798800217.13,28427183956002.04
2021-09-20,22272829494666.71,6154358177830.89,28427187672497.60
2021-09-17,22278261586551.23,6148961653679.10,28427223240230.33
2021-09-16,22284196732219.11,6143038362826.17,28427235095045.28
2021-09-15,22294050150299.86,6133178833908.48,28427228984208.34
2021-09-14,22282916629210.18,6144324234417.77,28427240863627.95
2021-09-13,22289670277991.72,6137573591602.65,28427243869594.37
2021-09-10,22293297812749.98,6133981660138.29,28427279472888.27
2021-09-09,22295049268428.03,6132242070559.33,28427291338987.36
2021-09-08,22293378330153.58,6133875467384.64,28427253797538.22
2021-09-07,22282683988638.66,6144581693954.86,28427265682593.52
2021-09-03,22290288845635.85,6137015741954.64,28427304587590.49
2021-09-02,22282258638442.67,6145057831309.79,28427316469752.46
2021-09-01,22292652192807.87,6134653142158.84,28427305334966.71
2021-08-31,22254543554131.93,6172773630395.71,28427317184527.64
2021-08-30,22246920959895.58,6180620490079.75,28427541449975.33
2021-08-27,22243672524384.31,6183904476289.52,28427577000673.83
2021-08-26,22241122967198.27,6186465882289.53,28427588849487.80
2021-08-25,22248957391524.21,6178617314387.32,28427574705911.53
2021-08-24,22237978420871.84,6189608045327.77,28427586466199.61
2021-08-23,22251584529470.09,6176005210893.51,28427589740363.60
2021-08-20,22256434599033.89,6171190438803.48,28427625037837.37
2021-08-19,22259020798508.09,6168616003382.50,28427636801890.59
2021-08-18,22265522025850.47,6162096235459.12,28427618261309.59
2021-08-17,22250414879625.43,6177215015524.08,28427629895149.51
2021-08-16,22264523807491.39,6163108508425.50,28427632315916.89
2021-08-13,22275281971506.72,6152385216728.58,28427667188235.30
2021-08-12,22275214277846.82,6152464576454.21,28427678854301.03
2021-08-11,22279129327736.47,6148507652908.77,28427636980645.24
2021-08-10,22261696511328.14,6165952173498.31,28427648684826.45
2021-08-09,22270829338089.78,6156821744971.76,28427651083061.54
2021-08-06,22278553023249.22,6149133061849.17,28427686085098.39
2021-08-05,22277470458069.36,6150227292771.81,28427697750841.17
2021-08-04,22280521336952.44,6147163174642.44,28427684511594.88
2021-08-03,22281416341623.29,6146279821476.16,28427696163099.45
2021-08-02,22293275208582.66,6134423437249.50,28427698645832.16
2021-07-30,22284627647306.26,6143094225112.44,28427721872418.70
2021-07-29,22267029586371.88,6193100211722.58,28460129798094.46
2021-07-28,22289101510534.79,6194498806304.28,28483600316839.07
2021-07-27,22289709886684.45,6198190332052.51,28487900218736.96
2021-07-26,22299753466971.75,6188534772552.67,28488288239524.42
2021-07-23,22299532173727.06,6175408509789.64,28474940683516.70
2021-07-22,22296153948889.77,6175117883384.71,28471271832274.48
2021-07-21,22303232541301.08,6170931997417.40,28474164538718.48
2021-07-20,22304036228186.43,6189272117446.16,28493308345632.59
2021-07-19,22344214950191.29,6189008188878.05,28533223139069.34
2021-07-16,22344306552282.47,6178710219315.08,28523016771597.55
2021-07-15,22345372642438.45,6176755964138.34,28522128606576.79
2021-07-14,22290773813444.30,6170381932718.39,28461155746162.69
2021-07-13,22289663938121.45,6187410462062.94,28477074400184.39
2021-07-12,22314724385689.48,6175520671069.96,28490245056759.44
2021-07-09,22315029737100.17,6170465943138.15,28485495680238.32
2021-07-08,22314776050830.43,6165378307707.07,28480154358537.50
2021-07-07,22306770866015.64,6165699173737.62,28472470039753.26
2021-07-06,22306603924620.30,6158960252096.07,28465564176716.37
2021-07-02,22328099402276.35,6152490607212.14,28480590009488.49
2021-07-01,22327776340518.48,6158722279393.53,28486498619912.01
2021-06-30,22329822962202.00,6199612910937.77,28529435873139.77
2021-06-29,22182683339412.07,6149638582259.51,28332321921671.58
2021-06-28,22206789980507.90,6144455676480.05,28351245656987.95
2021-06-25,22205687956460.57,6131613409981.42,28337301366441.99
2021-06-24,22187767708506.51,6134151567826.10,28321919276332.61
2021-06-23,22183392725037.20,6121515704596.79,28304908429633.99
2021-06-22,22180632086932.28,6138049027539.28,28318681114471.56
2021-06-21,22175169756124.23,6128546776458.01,28303716532582.24
2021-06-18,22174123894523.93,6121835348442.33,28295959242966.26
2021-06-17,22173891789491.61,6121985843645.43,28295877633137.04
2021-06-16,22200126454792.78,6110948160650.07,28311074615442.85
2021-06-15,22199581858833.24,6122095157080.14,28321677015913.38
2021-06-14,22098725144893.53,6108260301115.47,28206985446009.00
2021-06-11,22097493949541.56,6101700172385.72,28199194121927.28
2021-06-10,22097330750279.91,6101590528094.60,28198921278374.51
2021-06-09,22120188903981.41,6097651106794.94,28217840010776.35
2021-06-08,22119292849172.19,6114247056124.58,28233539905296.77
2021-06-07,22113630122093.77,6150714316301.53,28264344438395.30
2021-06-04,22112452092666.69,6145724602341.70,28258176695008.39
2021-06-03,22111555489083.39,6130387716042.07,28241943205125.46
2021-06-02,22135045676297.94,6141843820719.63,28276889497017.57
2021-06-01,22134003260072.17,6127929696255.24,28261932956327.41
2021-05-28,22020939013605.78,6178069324914.87,28199008338520.65
2021-05-27,21983687097488.36,6179954441119.86,28163641538608.22
2021-05-26,22005892292174.80,6181836272971.40,28187728565146.20
2021-05-25,22005337838702.23,6199345340520.62,28204683179222.85
2021-05-24,22024524562636.98,6189118887687.59,28213643450324.57
