time,open,high,low,close,volume
2022-05-24,23832717230524.74,23832717230524.74,23832717230524.74,23832717230524.74,0
2022-05-25,23833748517379.58,23833748517379.58,23833748517379.58,23833748517379.58,0
2022-05-26,23809737647931.04,23809737647931.04,23809737647931.04,23809737647931.04,0
2022-05-27,23832623846690.77,23832623846690.77,23832623846690.77,23832623846690.77,0
2022-05-31,23904391446377.85,23904391446377.85,23904391446377.85,23904391446377.85,0
2022-06-01,23901123998249.97,23901123998249.97,23901123998249.97,23901123998249.97,0
2022-06-02,23880949611916.73,23880949611916.73,23880949611916.73,23880949611916.73,0
2022-06-03,23880625503340.64,23880625503340.64,23880625503340.64,23880625503340.64,0
2022-06-06,23882174574916.76,23882174574916.76,23882174574916.76,23882174574916.76,0
2022-06-07,23872184873595.67,23872184873595.67,23872184873595.67,23872184873595.67,0
2022-06-08,23872735297279.37,23872735297279.37,23872735297279.37,23872735297279.37,0
2022-06-09,23849445135818.63,23849445135818.63,23849445135818.63,23849445135818.63,0
2022-06-10,23849474859571.62,23849474859571.62,23849474859571.62,23849474859571.62,0
2022-06-13,23849889487367.57,23849889487367.57,23849889487367.57,23849889487367.57,0
2022-06-14,23840725394402.9,23840725394402.9,23840725394402.9,23840725394402.9,0
2022-06-15,23899977909751.77,23899977909751.77,23899977909751.77,23899977909751.77,0
2022-06-16,23876682603860.46,23876682603860.46,23876682603860.46,23876682603860.46,0
2022-06-17,23879069528264.11,23879069528264.11,23879069528264.11,23879069528264.11,0
2022-06-21,23870090956247.71,23870090956247.71,23870090956247.71,23870090956247.71,0
2022-06-22,23871683179793.21,23871683179793.21,23871683179793.21,23871683179793.21,0
2022-06-23,23852955061361.41,23852955061361.41,23852955061361.41,23852955061361.41,0
2022-06-24,23876061756550.94,23876061756550.94,23876061756550.94,23876061756550.94,0
2022-06-27,23877620707674.42,23877620707674.42,23877620707674.42,23877620707674.42,0
2022-06-28,23874198004998.78,23874198004998.78,23874198004998.78,23874198004998.78,0
2022-06-29,23874314385857.11,23874314385857.11,23874314385857.11,23874314385857.11,0
2022-06-30,23912159729664.37,23912159729664.37,23912159729664.37,23912159729664.37,0
2022-07-01,23907043409165.39,23907043409165.39,23907043409165.39,23907043409165.39,0
2022-07-05,23905300285648.7,23905300285648.7,23905300285648.7,23905300285648.7,0
2022-07-06,23907379587637.67,23907379587637.67,23907379587637.67,23907379587637.67,0
2022-07-07,23887764405631.71,23887764405631.71,23887764405631.71,23887764405631.71,0
2022-07-08,23885954225244.84,23885954225244.84,23885954225244.84,23885954225244.84,0
2022-07-11,23888492594959.37,23888492594959.37,23888492594959.37,23888492594959.37,0
2022-07-12,23884255855136.96,23884255855136.96,23884255855136.96,23884255855136.96,0
2022-07-13,23884607386844.94,23884607386844.94,23884607386844.94,23884607386844.94,0
2022-07-14,23869748457708.38,23869748457708.38,23869748457708.38,23869748457708.38,0
2022-07-15,23886461499060.7,23886461499060.7,23886461499060.7,23886461499060.7,0
2022-07-18,23888760234588.95,23888760234588.95,23888760234588.95,23888760234588.95,0
2022-07-19,23904694525375.66,23904694525375.66,23904694525375.66,23904694525375.66,0
2022-07-20,23905417095182.62,23905417095182.62,23905417095182.62,23905417095182.62,0
2022-07-21,23893927868017.57,23893927868017.57,23893927868017.57,23893927868017.57,0
2022-07-22,23894509345529.13,23894509345529.13,23894509345529.13,23894509345529.13,0
2022-07-25,23896763874312.44,23896763874312.44,23896763874312.44,23896763874312.44,0
2022-07-26,23937355436875.3,23937355436875.3,23937355436875.3,23937355436875.3,0
2022-07-27,23938026629298.98,23938026629298.98,23938026629298.98,23938026629298.98,0
2022-07-28,23934024135680.86,23934024135680.86,23934024135680.86,23934024135680.86,0
2022-07-29,23952579183056.89,23952579183056.89,23952579183056.89,23952579183056.89,0
2022-08-01,23941782429899.12,23941782429899.12,23941782429899.12,23941782429899.12,0
2022-08-02,23982476636558.98,23982476636558.98,23982476636558.98,23982476636558.98,0
2022-08-03,23982581351353.18,23982581351353.18,23982581351353.18,23982581351353.18,0
2022-08-04,23983681402419.74,23983681402419.74,23983681402419.74,23983681402419.74,0
2022-08-05,23983838470700.05,23983838470700.05,23983838470700.05,23983838470700.05,0
2022-08-08,23986683311303.22,23986683311303.22,23986683311303.22,23986683311303.22,0
2022-08-09,24027688178378.89,24027688178378.89,24027688178378.89,24027688178378.89,0
2022-08-10,24028355531684.22,24028355531684.22,24028355531684.22,24028355531684.22,0
2022-08-11,24029273779535.94,24029273779535.94,24029273779535.94,24029273779535.94,0
2022-08-12,24029790764887.23,24029790764887.23,24029790764887.23,24029790764887.23,0
2022-08-15,24051002065916.77,24051002065916.77,24051002065916.77,24051002065916.77,0
2022-08-16,24081843468911.97,24081843468911.97,24081843468911.97,24081843468911.97,0
2022-08-17,24082096945371.8,24082096945371.8,24082096945371.8,24082096945371.8,0
2022-08-18,24084274136453.14,24084274136453.14,24084274136453.14,24084274136453.14,0
2022-08-19,24084753661617.55,24084753661617.55,24084753661617.55,24084753661617.55,0
2022-08-22,24087312326304.38,24087312326304.38,24087312326304.38,24087312326304.38,0
2022-08-23,24109372250554.94,24109372250554.94,24109372250554.94,24109372250554.94,0
2022-08-24,24109361188937.07,24109361188937.07,24109361188937.07,24109361188937.07,0
2022-08-25,24170525091479.93,24170525091479.93,24170525091479.93,24170525091479.93,0
2022-08-26,24193808246140.62,24193808246140.62,24193808246140.62,24193808246140.62,0
2022-08-29,24195947091069.71,24195947091069.71,24195947091069.71,24195947091069.71,0
2022-08-30,24216548517136.84,24216548517136.84,24216548517136.84,24216548517136.84,0
2022-08-31,24267551242280.32,24267551242280.32,24267551242280.32,24267551242280.32,0
2022-09-01,24265237267051.03,24265237267051.03,24265237267051.03,24265237267051.03,0
2022-09-02,24265249353650.98,24265249353650.98,24265249353650.98,24265249353650.98,0
2022-09-06,24273892938014.51,24273892938014.51,24273892938014.51,24273892938014.51,0
2022-09-07,24275742755323.11,24275742755323.11,24275742755323.11,24275742755323.11,0
2022-09-08,24277401630153.32,24277401630153.32,24277401630153.32,24277401630153.32,0
2022-09-09,24277780650175.09,24277780650175.09,24277780650175.09,24277780650175.09,0
2022-09-12,24277951601745.72,24277951601745.72,24277951601745.72,24277951601745.72,0
2022-09-13,24277091954661.92,24277091954661.92,24277091954661.92,24277091954661.92,0
2022-09-14,24277735795734.93,24277735795734.93,24277735795734.93,24277735795734.93,0
2022-09-15,24269208569512.02,24269208569512.02,24269208569512.02,24269208569512.02,0
2022-09-16,24269701912640.61,24269701912640.61,24269701912640.61,24269701912640.61,0
2022-09-19,24269365041132.85,24269365041132.85,24269365041132.85,24269365041132.85,0
2022-09-20,24259860964887.67,24259860964887.67,24259860964887.67,24259860964887.67,0
2022-09-21,24259893533913.04,24259893533913.04,24259893533913.04,24259893533913.04,0
2022-09-22,24262119192823.44,24262119192823.44,24262119192823.44,24262119192823.44,0
2022-09-23,24261913752067.08,24261913752067.08,24261913752067.08,24261913752067.08,0
2022-09-26,24261991624316.95,24261991624316.95,24261991624316.95,24261991624316.95,0
2022-09-27,24251204677164.3,24251204677164.3,24251204677164.3,24251204677164.3,0
2022-09-28,24251147924159.27,24251147924159.27,24251147924159.27,24251147924159.27,0
2022-09-29,24252296040720.49,24252296040720.49,24252296040720.49,24252296040720.49,0
2022-09-30,24299192620158.51,24299192620158.51,24299192620158.51,24299192620158.51,0
2022-10-03,24294113407974.24,24294113407974.24,24294113407974.24,24294113407974.24,0
2022-10-04,24288376193590.75,24288376193590.75,24288376193590.75,24288376193590.75,0
2022-10-05,24288995636259.98,24288995636259.98,24288995636259.98,24288995636259.98,0
2022-10-06,24289853540356.64,24289853540356.64,24289853540356.64,24289853540356.64,0
2022-10-07,24289555258726.7,24289555258726.7,24289555258726.7,24289555258726.7,0
2022-10-11,24284148392021.21,24284148392021.21,24284148392021.21,24284148392021.21,0
2022-10-12,24284135644567.68,24284135644567.68,24284135644567.68,24284135644567.68,0
2022-10-13,24285309326318.59,24285309326318.59,24285309326318.59,24285309326318.59,0
2022-10-14,24285155079568.71,24285155079568.71,24285155079568.71,24285155079568.71,0
2022-10-17,24337797792146.07,24337797792146.07,24337797792146.07,24337797792146.07,0
2022-10-18,24349884301200.28,24349884301200.28,24349884301200.28,24349884301200.28,0
2022-10-19,24349997077337.59,24349997077337.59,24349997077337.59,24349997077337.59,0
2022-10-20,24347230421264.75,24347230421264.75,24347230421264.75,24347230421264.75,0
2022-10-21,24347298846397.92,24347298846397.92,24347298846397.92,24347298846397.92,0
2022-10-24,24347817271984.35,24347817271984.35,24347817271984.35,24347817271984.35,0
2022-10-25,24370660275741.41,24370660275741.41,24370660275741.41,24370660275741.41,0
2022-10-26,24371286875157.24,24371286875157.24,24371286875157.24,24371286875157.24,0
2022-10-27,24374113303700.19,24374113303700.19,24374113303700.19,24374113303700.19,0
2022-10-28,24375346150436.82,24375346150436.82,24375346150436.82,24375346150436.82,0
2022-10-31,24352541663465.59,24352541663465.59,24352541663465.59,24352541663465.59,0
2022-11-01,24378511504145.56,24378511504145.56,24378511504145.56,24378511504145.56,0
2022-11-02,24378672839101.38,24378672839101.38,24378672839101.38,24378672839101.38,0
2022-11-03,24386445346851.25,24386445346851.25,24386445346851.25,24386445346851.25,0
2022-11-04,24386136917562.59,24386136917562.59,24386136917562.59,24386136917562.59,0
2022-11-07,24386696051495.91,24386696051495.91,24386696051495.91,24386696051495.91,0
2022-11-08,24414960171859.34,24414960171859.34,24414960171859.34,24414960171859.34,0
2022-11-09,24415475380398.35,24415475380398.35,24415475380398.35,24415475380398.35,0
2022-11-10,24421759397777.8,24421759397777.8,24421759397777.8,24421759397777.8,0
2022-11-14,24422187334127.25,24422187334127.25,24422187334127.25,24422187334127.25,0
2022-11-15,24439731241217.5,24439731241217.5,24439731241217.5,24439731241217.5,0
2022-11-16,24440834832198.03,24440834832198.03,24440834832198.03,24440834832198.03,0
2022-11-17,24445390138404.45,24445390138404.45,24445390138404.45,24445390138404.45,0
2022-11-18,24445286394751.42,24445286394751.42,24445286394751.42,24445286394751.42,0
2022-11-21,24445710962416.74,24445710962416.74,24445710962416.74,24445710962416.74,0
2022-11-22,24498940310307.41,24498940310307.41,24498940310307.41,24498940310307.41,0
2022-11-23,24498705045728.79,24498705045728.79,24498705045728.79,24498705045728.79,0
2022-11-25,24524431584946.76,24524431584946.76,24524431584946.76,24524431584946.76,0
2022-11-28,24522908434421.07,24522908434421.07,24522908434421.07,24522908434421.07,0
2022-11-29,24518730678216.08,24518730678216.08,24518730678216.08,24518730678216.08,0
2022-11-30,24553456579697.93,24553456579697.93,24553456579697.93,24553456579697.93,0
2022-12-01,24548085263208.48,24548085263208.48,24548085263208.48,24548085263208.48,0
2022-12-02,24546284664471.75,24546284664471.75,24546284664471.75,24546284664471.75,0
2022-12-05,24545057009666.98,24545057009666.98,24545057009666.98,24545057009666.98,0
2022-12-06,24525522795969.07,24525522795969.07,24525522795969.07,24525522795969.07,0
2022-12-07,24522778382020.78,24522778382020.78,24522778382020.78,24522778382020.78,0
2022-12-08,24483967184989.59,24483967184989.59,24483967184989.59,24483967184989.59,0
2022-12-09,24483317280902.3,24483317280902.3,24483317280902.3,24483317280902.3,0
2022-12-12,24484165270687.53,24484165270687.53,24484165270687.53,24484165270687.53,0
2022-12-13,24462245795846.61,24462245795846.61,24462245795846.61,24462245795846.61,0
2022-12-14,24460952760896.41,24460952760896.41,24460952760896.41,24460952760896.41,0
2022-12-15,24512614034405.35,24512614034405.35,24512614034405.35,24512614034405.35,0
2022-12-16,24513353055221.64,24513353055221.64,24513353055221.64,24513353055221.64,0
2022-12-19,24513285125511.79,24513285125511.79,24513285125511.79,24513285125511.79,0
2022-12-20,24486055520669.8,24486055520669.8,24486055520669.8,24486055520669.8,0
2022-12-21,24486773540644.66,24486773540644.66,24486773540644.66,24486773540644.66,0
2022-12-22,24489806162692.45,24489806162692.45,24489806162692.45,24489806162692.45,0
2022-12-23,24490152364372.34,24490152364372.34,24490152364372.34,24490152364372.34,0
2022-12-27,24473926570106.05,24473926570106.05,24473926570106.05,24473926570106.05,0
2022-12-28,24474954689462.91,24474954689462.91,24474954689462.91,24474954689462.91,0
2022-12-29,24476186628276.12,24476186628276.12,24476186628276.12,24476186628276.12,0
2022-12-30,24517593324394.19,24517593324394.19,24517593324394.19,24517593324394.19,0
2023-01-03,24507554337075.14,24507554337075.14,24507554337075.14,24507554337075.14,0
2023-01-04,24507810943956.64,24507810943956.64,24507810943956.64,24507810943956.64,0
2023-01-05,24510300399440.9,24510300399440.9,24510300399440.9,24510300399440.9,0
2023-01-06,24510694268778.74,24510694268778.74,24510694268778.74,24510694268778.74,0
2023-01-09,24510491360745.09,24510491360745.09,24510491360745.09,24510491360745.09,0
2023-01-10,24503808492232.59,24503808492232.59,24503808492232.59,24503808492232.59,0
2023-01-11,24503936952202.58,24503936952202.58,24503936952202.58,24503936952202.58,0
2023-01-12,24508970410562.73,24508970410562.73,24508970410562.73,24508970410562.73,0
2023-01-13,24509049953688.03,24509049953688.03,24509049953688.03,24509049953688.03,0
2023-01-17,24529073534926.79,24529073534926.79,24529073534926.79,24529073534926.79,0
2023-01-18,24529263311432.61,24529263311432.61,24529263311432.61,24529263311432.61,0
2023-01-19,24597726186235.73,24597726186235.73,24597726186235.73,24597726186235.73,0
2023-01-20,24597711562696.43,24597711562696.43,24597711562696.43,24597711562696.43,0
2023-01-23,24597079083052.3,24597079083052.3,24597079083052.3,24597079083052.3,0
2023-01-24,24588029392842.3,24588029392842.3,24588029392842.3,24588029392842.3,0
2023-01-25,24601728913404.86,24601728913404.86,24601728913404.86,24601728913404.86,0
2023-01-26,24595370749863.17,24595370749863.17,24595370749863.17,24595370749863.17,0
2023-01-27,24594507779579.46,24594507779579.46,24594507779579.46,24594507779579.46,0
2023-01-30,24591455277525.03,24591455277525.03,24591455277525.03,24591455277525.03,0
2023-01-31,24583993573074.66,24583993573074.66,24583993573074.66,24583993573074.66,0
2023-02-01,24627866879154.63,24627866879154.63,24627866879154.63,24627866879154.63,0
2023-02-02,24614111117623.54,24614111117623.54,24614111117623.54,24614111117623.54,0
2023-02-03,24632540316493.99,24632540316493.99,24632540316493.99,24632540316493.99,0
2023-02-06,24625672259290.92,24625672259290.92,24625672259290.92,24625672259290.92,0
2023-02-07,24615758519222.41,24615758519222.41,24615758519222.41,24615758519222.41,0
2023-02-08,24633964941304.68,24633964941304.68,24633964941304.68,24633964941304.68,0
2023-02-09,24632706860395.91,24632706860395.91,24632706860395.91,24632706860395.91,0
2023-02-10,24631981684311.92,24631981684311.92,24631981684311.92,24631981684311.92,0
2023-02-13,24628372758461.6,24628372758461.6,24628372758461.6,24628372758461.6,0
2023-02-14,24620832367364.22,24620832367364.22,24620832367364.22,24620832367364.22,0
2023-02-15,24632690699646.77,24632690699646.77,24632690699646.77,24632690699646.77,0
2023-02-16,24629050125670.81,24629050125670.81,24629050125670.81,24629050125670.81,0
2023-02-17,24622821116330.88,24622821116330.88,24622821116330.88,24622821116330.88,0
2023-02-21,24617040735960.56,24617040735960.56,24617040735960.56,24617040735960.56,0
2023-02-22,24617347968404.01,24617347968404.01,24617347968404.01,24617347968404.01,0
2023-02-23,24622064217855.12,24622064217855.12,24622064217855.12,24622064217855.12,0
2023-02-24,24614739029627.85,24614739029627.85,24614739029627.85,24614739029627.85,0
2023-02-27,24613895583877.09,24613895583877.09,24613895583877.09,24613895583877.09,0
2023-02-28,24609240801721.77,24609240801721.77,24609240801721.77,24609240801721.77,0
2023-03-01,24651114436516.83,24651114436516.83,24651114436516.83,24651114436516.83,0
2023-03-02,24638428808442.94,24638428808442.94,24638428808442.94,24638428808442.94,0
2023-03-03,24656606027326.08,24656606027326.08,24656606027326.08,24656606027326.08,0
2023-03-06,24648784848938.02,24648784848938.02,24648784848938.02,24648784848938.02,0
2023-03-07,24638105509923.23,24638105509923.23,24638105509923.23,24638105509923.23,0
2023-03-08,24655743073935.02,24655743073935.02,24655743073935.02,24655743073935.02,0
2023-03-09,24648520075669.9,24648520075669.9,24648520075669.9,24648520075669.9,0
2023-03-10,24694495096597.19,24694495096597.19,24694495096597.19,24694495096597.19,0
2023-03-13,24688026061245.58,24688026061245.58,24688026061245.58,24688026061245.58,0
2023-03-14,24635939474269.94,24635939474269.94,24635939474269.94,24635939474269.94,0
2023-03-15,24653951364406.07,24653951364406.07,24653951364406.07,24653951364406.07,0
2023-03-16,24651327466524.76,24651327466524.76,24651327466524.76,24651327466524.76,0
2023-03-17,24642348579839.15,24642348579839.15,24642348579839.15,24642348579839.15,0
2023-03-20,24660461245713.11,24660461245713.11,24660461245713.11,24660461245713.11,0
2023-03-21,24654812423447.06,24654812423447.06,24654812423447.06,24654812423447.06,0
2023-03-22,24672395872106.05,24672395872106.05,24672395872106.05,24672395872106.05,0
2023-03-23,24672446327613.34,24672446327613.34,24672446327613.34,24672446327613.34,0
2023-03-24,24670017751549.63,24670017751549.63,24670017751549.63,24670017751549.63,0
2023-03-27,24657636419589.87,24657636419589.87,24657636419589.87,24657636419589.87,0
2023-03-28,24650286277272.32,24650286277272.32,24650286277272.32,24650286277272.32,0
2023-03-29,24649090662093.88,24649090662093.88,24649090662093.88,24649090662093.88,0
2023-03-30,24641815856835.5,24641815856835.5,24641815856835.5,24641815856835.5,0
2023-03-31,24693515037758.24,24693515037758.24,24693515037758.24,24693515037758.24,0
2023-04-03,24697739971933.05,24697739971933.05,24697739971933.05,24697739971933.05,0
2023-04-04,24675090313100.14,24675090313100.14,24675090313100.14,24675090313100.14,0
2023-04-05,24674103950594.51,24674103950594.51,24674103950594.51,24674103950594.51,0
2023-04-06,24669012664010.21,24669012664010.21,24669012664010.21,24669012664010.21,0
2023-04-07,24669374971133.27,24669374971133.27,24669374971133.27,24669374971133.27,0
2023-04-10,24660050352151.3,24660050352151.3,24660050352151.3,24660050352151.3,0
2023-04-11,24656053808856.67,24656053808856.67,24656053808856.67,24656053808856.67,0
2023-04-12,24675443057972.8,24675443057972.8,24675443057972.8,24675443057972.8,0
2023-04-13,24671975995707.11,24671975995707.11,24671975995707.11,24671975995707.11,0
2023-04-14,24670728299167.0,24670728299167.0,24670728299167.0,24670728299167.0,0
2023-04-17,24641048702094.3,24641048702094.3,24641048702094.3,24641048702094.3,0
2023-04-18,24627869055404.14,24627869055404.14,24627869055404.14,24627869055404.14,0
2023-04-19,24629878779698.9,24629878779698.9,24629878779698.9,24629878779698.9,0
2023-04-20,24626946141219.75,24626946141219.75,24626946141219.75,24626946141219.75,0
2023-04-21,24620279846808.14,24620279846808.14,24620279846808.14,24620279846808.14,0
2023-04-24,24606854923098.48,24606854923098.48,24606854923098.48,24606854923098.48,0
2023-04-25,24594031097296.96,24594031097296.96,24594031097296.96,24594031097296.96,0
2023-04-26,24609136413572.05,24609136413572.05,24609136413572.05,24609136413572.05,0
2023-04-27,24607260377321.56,24607260377321.56,24607260377321.56,24607260377321.56,0
2023-04-28,24605068022566.94,24605068022566.94,24605068022566.94,24605068022566.94,0
2023-05-01,24647679693931.41,24647679693931.41,24647679693931.41,24647679693931.41,0
2023-05-02,24620365800256.98,24620365800256.98,24620365800256.98,24620365800256.98,0
2023-05-03,24635834770776.97,24635834770776.97,24635834770776.97,24635834770776.97,0
2023-05-04,24638820908771.95,24638820908771.95,24638820908771.95,24638820908771.95,0
2023-05-05,24636096207170.77,24636096207170.77,24636096207170.77,24636096207170.77,0
2023-05-08,24627341968877.85,24627341968877.85,24627341968877.85,24627341968877.85,0
2023-05-09,24619937084187.34,24619937084187.34,24619937084187.34,24619937084187.34,0
2023-05-10,24641172605144.54,24641172605144.54,24641172605144.54,24641172605144.54,0
2023-05-11,24639687475035.3,24639687475035.3,24639687475035.3,24639687475035.3,0
2023-05-12,24639658124898.1,24639658124898.1,24639658124898.1,24639658124898.1,0
2023-05-15,24632499077869.51,24632499077869.51,24632499077869.51,24632499077869.51,0
2023-05-16,24622446659092.64,24622446659092.64,24622446659092.64,24622446659092.64,0
2023-05-17,24637068788324.66,24637068788324.66,24637068788324.66,24637068788324.66,0
2023-05-18,24637327117844.81,24637327117844.81,24637327117844.81,24637327117844.81,0
2023-05-19,24637236875327.69,24637236875327.69,24637236875327.69,24637236875327.69,0
2023-05-22,24632270448804.39,24632270448804.39,24632270448804.39,24632270448804.39,0
2023-05-23,24620574476453.96,24620574476453.96,24620574476453.96,24620574476453.96,0
2023-05-24,24635199871338.14,24635199871338.14,24635199871338.14,24635199871338.14,0
2023-05-25,24634289587393.08,24634289587393.08,24634289587393.08,24634289587393.08,0
2023-05-26,24635928951197.2,24635928951197.2,24635928951197.2,24635928951197.2,0
2023-05-30,24634298664090.12,24634298664090.12,24634298664090.12,24634298664090.12,0
2023-05-31,24630686283413.55,24630686283413.55,24630686283413.55,24630686283413.55,0
2023-06-01,24690309627385.24,24690309627385.24,24690309627385.24,24690309627385.24,0
2023-06-02,24702383053957.66,24702383053957.66,24702383053957.66,24702383053957.66,0
2023-06-05,25032142794296.03,25032142794296.03,25032142794296.03,25032142794296.03,0
2023-06-06,25047398385875.44,25047398385875.44,25047398385875.44,25047398385875.44,0
2023-06-07,25047345441645.83,25047345441645.83,25047345441645.83,25047345441645.83,0
2023-06-08,25067556730313.1,25067556730313.1,25067556730313.1,25067556730313.1,0
2023-06-09,25067359532394.48,25067359532394.48,25067359532394.48,25067359532394.48,0
2023-06-12,25068366483285.59,25068366483285.59,25068366483285.59,25068366483285.59,0
2023-06-13,25103112337735.63,25103112337735.63,25103112337735.63,25103112337735.63,0
2023-06-14,25102753092893.82,25102753092893.82,25102753092893.82,25102753092893.82,0
2023-06-15,25178340697038.0,25178340697038.0,25178340697038.0,25178340697038.0,0
2023-06-16,25178190392307.09,25178190392307.09,25178190392307.09,25178190392307.09,0
2023-06-20,25228858760169.95,25228858760169.95,25228858760169.95,25228858760169.95,0
2023-06-21,25229448283990.68,25229448283990.68,25229448283990.68,25229448283990.68,0
2023-06-22,25300472765476.35,25300472765476.35,25300472765476.35,25300472765476.35,0
2023-06-23,25300770075189.85,25300770075189.85,25300770075189.85,25300770075189.85,0
2023-06-26,25301524659262.37,25301524659262.37,25301524659262.37,25301524659262.37,0
2023-06-27,25361694924458.65,25361694924458.65,25361694924458.65,25361694924458.65,0
2023-06-28,25361829706692.2,25361829706692.2,25361829706692.2,25361829706692.2,0
2023-06-29,25430243041777.75,25430243041777.75,25430243041777.75,25430243041777.75,0
2023-06-30,25461998188055.84,25461998188055.84,25461998188055.84,25461998188055.84,0
2023-07-03,25459084714008.85,25459084714008.85,25459084714008.85,25459084714008.85,0
2023-07-05,25519177294520.73,25519177294520.73,25519177294520.73,25519177294520.73,0
2023-07-06,25589897134579.63,25589897134579.63,25589897134579.63,25589897134579.63,0
2023-07-07,25589710081130.35,25589710081130.35,25589710081130.35,25589710081130.35,0
2023-07-10,25588803096223.83,25588803096223.83,25588803096223.83,25588803096223.83,0
2023-07-11,25633781683720.91,25633781683720.91,25633781683720.91,25633781683720.91,0
2023-07-12,25633821130387.02,25633821130387.02,25633821130387.02,25633821130387.02,0
2023-07-13,25653457820714.17,25653457820714.17,25653457820714.17,25653457820714.17,0
2023-07-14,25653572867943.31,25653572867943.31,25653572867943.31,25653572867943.31,0
2023-07-17,25640127926386.32,25640127926386.32,25640127926386.32,25640127926386.32,0
2023-07-18,25679320577331.03,25679320577331.03,25679320577331.03,25679320577331.03,0
2023-07-19,25679252837370.23,25679252837370.23,25679252837370.23,25679252837370.23,0
2023-07-20,25696346915423.59,25696346915423.59,25696346915423.59,25696346915423.59,0
2023-07-21,25696711160445.54,25696711160445.54,25696711160445.54,25696711160445.54,0
2023-07-24,25696796546929.52,25696796546929.52,25696796546929.52,25696796546929.52,0
2023-07-25,25731318151865.02,25731318151865.02,25731318151865.02,25731318151865.02,0
2023-07-26,25731546565342.25,25731546565342.25,25731546565342.25,25731546565342.25,0
2023-07-27,25753140068904.18,25753140068904.18,25753140068904.18,25753140068904.18,0
2023-07-28,25752739140296.84,25752739140296.84,25752739140296.84,25752739140296.84,0
2023-07-31,25708799188483.91,25708799188483.91,25708799188483.91,25708799188483.91,0
2023-08-01,25740123485927.36,25740123485927.36,25740123485927.36,25740123485927.36,0
2023-08-02,25740356333124.46,25740356333124.46,25740356333124.46,25740356333124.46,0
2023-08-03,25759287856824.22,25759287856824.22,25759287856824.22,25759287856824.22,0
2023-08-04,25758851818235.69,25758851818235.69,25758851818235.69,25758851818235.69,0
2023-08-07,25759016987176.09,25759016987176.09,25759016987176.09,25759016987176.09,0
2023-08-08,25778440181711.5,25778440181711.5,25778440181711.5,25778440181711.5,0
2023-08-09,25778304585040.2,25778304585040.2,25778304585040.2,25778304585040.2,0
2023-08-10,25812225197718.34,25812225197718.34,25812225197718.34,25812225197718.34,0
2023-08-11,25812094620607.35,25812094620607.35,25812094620607.35,25812094620607.35,0
2023-08-14,25812732982266.5,25812732982266.5,25812732982266.5,25812732982266.5,0
2023-08-15,25814344975175.86,25814344975175.86,25814344975175.86,25814344975175.86,0
2023-08-16,25814897784477.01,25814897784477.01,25814897784477.01,25814897784477.01,0
2023-08-17,25850475396069.84,25850475396069.84,25850475396069.84,25850475396069.84,0
2023-08-18,25850890627408.14,25850890627408.14,25850890627408.14,25850890627408.14,0
2023-08-21,25851338453031.71,25851338453031.71,25851338453031.71,25851338453031.71,0
2023-08-22,25886489572735.04,25886489572735.04,25886489572735.04,25886489572735.04,0
2023-08-23,25886300370614.66,25886300370614.66,25886300370614.66,25886300370614.66,0
2023-08-24,25922115213450.97,25922115213450.97,25922115213450.97,25922115213450.97,0
2023-08-25,25946514803377.09,25946514803377.09,25946514803377.09,25946514803377.09,0
2023-08-28,25947218499165.31,25947218499165.31,25947218499165.31,25947218499165.31,0
2023-08-29,25982708609301.7,25982708609301.7,25982708609301.7,25982708609301.7,0
2023-08-30,25982664124907.71,25982664124907.71,25982664124907.71,25982664124907.71,0
2023-08-31,26044050577584.54,26044050577584.54,26044050577584.54,26044050577584.54,0
2023-09-01,26044507800625.7,26044507800625.7,26044507800625.7,26044507800625.7,0
2023-09-05,26077617922113.74,26077617922113.74,26077617922113.74,26077617922113.74,0
2023-09-06,26077580698557.5,26077580698557.5,26077580698557.5,26077580698557.5,0
2023-09-07,26108844533675.44,26108844533675.44,26108844533675.44,26108844533675.44,0
2023-09-08,26109080792236.31,26109080792236.31,26109080792236.31,26109080792236.31,0
2023-09-11,26109190196680.37,26109190196680.37,26109190196680.37,26109190196680.37,0
2023-09-12,26140258067985.33,26140258067985.33,26140258067985.33,26140258067985.33,0
2023-09-13,26140787908311.45,26140787908311.45,26140787908311.45,26140787908311.45,0
2023-09-14,26166758026969.24,26166758026969.24,26166758026969.24,26166758026969.24,0
2023-09-15,26214467619830.38,26214467619830.38,26214467619830.38,26214467619830.38,0
2023-09-18,26214774694145.72,26214774694145.72,26214774694145.72,26214774694145.72,0
2023-09-19,26234340083526.65,26234340083526.65,26234340083526.65,26234340083526.65,0
2023-09-20,26234126979922.55,26234126979922.55,26234126979922.55,26234126979922.55,0
2023-09-21,26256883939422.64,26256883939422.64,26256883939422.64,26256883939422.64,0
2023-09-22,26257563828493.74,26257563828493.74,26257563828493.74,26257563828493.74,0
2023-09-25,26257540552723.9,26257540552723.9,26257540552723.9,26257540552723.9,0
2023-09-26,26275119110710.2,26275119110710.2,26275119110710.2,26275119110710.2,0
2023-09-27,26274995762333.71,26274995762333.71,26274995762333.71,26274995762333.71,0
2023-09-28,26289027123953.3,26289027123953.3,26289027123953.3,26289027123953.3,0
2023-09-29,26330142473191.94,26330142473191.94,26330142473191.94,26330142473191.94,0
2023-10-02,26339002538627.28,26339002538627.28,26339002538627.28,26339002538627.28,0
2023-10-03,26367058728957.29,26367058728957.29,26367058728957.29,26367058728957.29,0
2023-10-04,26366947230514.69,26366947230514.69,26366947230514.69,26366947230514.69,0
2023-10-05,26401336139723.41,26401336139723.41,26401336139723.41,26401336139723.41,0
2023-10-06,26402295025521.83,26402295025521.83,26402295025521.83,26402295025521.83,0
2023-10-10,26436036277654.31,26436036277654.31,26436036277654.31,26436036277654.31,0
2023-10-11,26436716538490.99,26436716538490.99,26436716538490.99,26436716538490.99,0
2023-10-12,26427019000844.73,26427019000844.73,26427019000844.73,26427019000844.73,0
2023-10-13,26426737912612.51,26426737912612.51,26426737912612.51,26426737912612.51,0
2023-10-16,26474358051666.99,26474358051666.99,26474358051666.99,26474358051666.99,0
2023-10-17,26514681646246.71,26514681646246.71,26514681646246.71,26514681646246.71,0
2023-10-18,26514600427747.18,26514600427747.18,26514600427747.18,26514600427747.18,0
2023-10-19,26514791447517.55,26514791447517.55,26514791447517.55,26514791447517.55,0
2023-10-20,26514640558602.24,26514640558602.24,26514640558602.24,26514640558602.24,0
2023-10-23,26515454944212.13,26515454944212.13,26515454944212.13,26515454944212.13,0
2023-10-24,26555329165607.14,26555329165607.14,26555329165607.14,26555329165607.14,0
2023-10-25,26555586966540.18,26555586966540.18,26555586966540.18,26555586966540.18,0
2023-10-26,26555584041129.64,26555584041129.64,26555584041129.64,26555584041129.64,0
2023-10-27,26555921813583.64,26555921813583.64,26555921813583.64,26555921813583.64,0
2023-10-30,26556166875895.44,26556166875895.44,26556166875895.44,26556166875895.44,0
2023-10-31,26576222054905.35,26576222054905.35,26576222054905.35,26576222054905.35,0
2023-11-01,26575012517991.32,26575012517991.32,26575012517991.32,26575012517991.32,0
2023-11-02,26630281961741.23,26630281961741.23,26630281961741.23,26630281961741.23,0
2023-11-03,26630035169821.74,26630035169821.74,26630035169821.74,26630035169821.74,0
2023-11-06,26630878504859.46,26630878504859.46,26630878504859.46,26630878504859.46,0
2023-11-07,26660759220080.83,26660759220080.83,26660759220080.83,26660759220080.83,0
2023-11-08,26661887346319.75,26661887346319.75,26661887346319.75,26661887346319.75,0
2023-11-09,26656287173188.21,26656287173188.21,26656287173188.21,26656287173188.21,0
2023-11-10,26656297228213.21,26656297228213.21,26656297228213.21,26656297228213.21,0
2023-11-13,26656511120514.98,26656511120514.98,26656511120514.98,26656511120514.98,0
2023-11-14,26682674360903.6,26682674360903.6,26682674360903.6,26682674360903.6,0
2023-11-15,26660731529922.48,26660731529922.48,26660731529922.48,26660731529922.48,0
2023-11-16,26692308892194.77,26692308892194.77,26692308892194.77,26692308892194.77,0
2023-11-17,26692227905141.52,26692227905141.52,26692227905141.52,26692227905141.52,0
2023-11-20,26692445815829.42,26692445815829.42,26692445815829.42,26692445815829.42,0
2023-11-21,26718585115383.15,26718585115383.15,26718585115383.15,26718585115383.15,0
2023-11-22,26720115499960.31,26720115499960.31,26720115499960.31,26720115499960.31,0
2023-11-24,26771331485159.67,26771331485159.67,26771331485159.67,26771331485159.67,0
2023-11-27,26771780819894.09,26771780819894.09,26771780819894.09,26771780819894.09,0
2023-11-28,26777703430303.32,26777703430303.32,26777703430303.32,26777703430303.32,0
2023-11-29,26777711219088.21,26777711219088.21,26777711219088.21,26777711219088.21,0
2023-11-30,26843822063762.45,26843822063762.45,26843822063762.45,26843822063762.45,0
2023-12-01,26841899141108.59,26841899141108.59,26841899141108.59,26841899141108.59,0
2023-12-04,26842268790912.46,26842268790912.46,26842268790912.46,26842268790912.46,0
2023-12-05,26836499357657.48,26836499357657.48,26836499357657.48,26836499357657.48,0
2023-12-06,26836216971556.28,26836216971556.28,26836216971556.28,26836216971556.28,0
2023-12-07,26846003455945.39,26846003455945.39,26846003455945.39,26846003455945.39,0
2023-12-08,26845547562977.79,26845547562977.79,26845547562977.79,26845547562977.79,0
2023-12-11,26845481309902.06,26845481309902.06,26845481309902.06,26845481309902.06,0
2023-12-12,26833040275300.98,26833040275300.98,26833040275300.98,26833040275300.98,0
2023-12-13,26831255346478.6,26831255346478.6,26831255346478.6,26831255346478.6,0
2023-12-14,26839408031723.6,26839408031723.6,26839408031723.6,26839408031723.6,0
2023-12-15,26884830017231.68,26884830017231.68,26884830017231.68,26884830017231.68,0
2023-12-18,26884939028732.74,26884939028732.74,26884939028732.74,26884939028732.74,0
2023-12-19,26869396109579.57,26869396109579.57,26869396109579.57,26869396109579.57,0
2023-12-20,26870588772826.8,26870588772826.8,26870588772826.8,26870588772826.8,0
2023-12-21,26881279631976.22,26881279631976.22,26881279631976.22,26881279631976.22,0
2023-12-22,26880796429891.38,26880796429891.38,26880796429891.38,26880796429891.38,0
2023-12-26,26876124826110.32,26876124826110.32,26876124826110.32,26876124826110.32,0
2023-12-27,26876335151615.88,26876335151615.88,26876335151615.88,26876335151615.88,0
2023-12-28,26891920450910.61,26891920450910.61,26891920450910.61,26891920450910.61,0
2023-12-29,26938517614684.59,26938517614684.59,26938517614684.59,26938517614684.59,0
2024-01-02,26966333707733.52,26966333707733.52,26966333707733.52,26966333707733.52,0
2024-01-03,26967954226517.79,26967954226517.79,26967954226517.79,26967954226517.79,0
2024-01-04,26976928852286.78,26976928852286.78,26976928852286.78,26976928852286.78,0
2024-01-05,26976084404477.05,26976084404477.05,26976084404477.05,26976084404477.05,0
2024-01-08,26973939599749.78,26973939599749.78,26973939599749.78,26973939599749.78,0
2024-01-09,26974750049637.37,26974750049637.37,26974750049637.37,26974750049637.37,0
2024-01-10,26974362934797.17,26974362934797.17,26974362934797.17,26974362934797.17,0
2024-01-11,26985019110585.66,26985019110585.66,26985019110585.66,26985019110585.66,0
2024-01-12,26984681279437.27,26984681279437.27,26984681279437.27,26984681279437.27,0
2024-01-16,26977085934722.47,26977085934722.47,26977085934722.47,26977085934722.47,0
2024-01-17,26977279309230.03,26977279309230.03,26977279309230.03,26977279309230.03,0
2024-01-18,26986540939549.35,26986540939549.35,26986540939549.35,26986540939549.35,0
2024-01-19,26985839298705.0,26985839298705.0,26985839298705.0,26985839298705.0,0
2024-01-22,26985255075314.51,26985255075314.51,26985255075314.51,26985255075314.51,0
2024-01-23,27003770167433.26,27003770167433.26,27003770167433.26,27003770167433.26,0
2024-01-24,27002945955816.55,27002945955816.55,27002945955816.55,27002945955816.55,0
2024-01-25,27031896294653.96,27031896294653.96,27031896294653.96,27031896294653.96,0
2024-01-26,27031563517077.75,27031563517077.75,27031563517077.75,27031563517077.75,0
2024-01-29,27031268655335.78,27031268655335.78,27031268655335.78,27031268655335.78,0
2024-01-30,27058247867739.38,27058247867739.38,27058247867739.38,27058247867739.38,0
2024-01-31,27071861894841.0,27071861894841.0,27071861894841.0,27071861894841.0,0
2024-02-01,27096145994220.71,27096145994220.71,27096145994220.71,27096145994220.71,0
2024-02-02,27095216791114.36,27095216791114.36,27095216791114.36,27095216791114.36,0
2024-02-05,27095044263981.65,27095044263981.65,27095044263981.65,27095044263981.65,0
2024-02-06,27125821609881.79,27125821609881.79,27125821609881.79,27125821609881.79,0
2024-02-07,27125624577903.55,27125624577903.55,27125624577903.55,27125624577903.55,0
2024-02-08,27150016696468.02,27150016696468.02,27150016696468.02,27150016696468.02,0
2024-02-09,27149917447710.42,27149917447710.42,27149917447710.42,27149917447710.42,0
2024-02-12,27148944676868.26,27148944676868.26,27148944676868.26,27148944676868.26,0
2024-02-13,27177924667834.49,27177924667834.49,27177924667834.49,27177924667834.49,0
2024-02-14,27178010959199.55,27178010959199.55,27178010959199.55,27178010959199.55,0
2024-02-15,27184526004247.38,27184526004247.38,27184526004247.38,27184526004247.38,0
2024-02-16,27183667231435.16,27183667231435.16,27183667231435.16,27183667231435.16,0
2024-02-20,27208868737795.66,27208868737795.66,27208868737795.66,27208868737795.66,0
2024-02-21,27209148794470.33,27209148794470.33,27209148794470.33,27209148794470.33,0
2024-02-22,27242557270675.99,27242557270675.99,27242557270675.99,27242557270675.99,0
2024-02-23,27270277998967.49,27270277998967.49,27270277998967.49,27270277998967.49,0
2024-02-26,27270274003272.75,27270274003272.75,27270274003272.75,27270274003272.75,0
2024-02-27,27290138516220.85,27290138516220.85,27290138516220.85,27290138516220.85,0
2024-02-28,27290151250136.39,27290151250136.39,27290151250136.39,27290151250136.39,0
2024-02-29,27380289989183.77,27380289989183.77,27380289989183.77,27380289989183.77,0
2024-03-01,27378941449836.41,27378941449836.41,27378941449836.41,27378941449836.41,0
2024-03-04,27379505983815.03,27379505983815.03,27379505983815.03,27379505983815.03,0
2024-03-05,27394922018989.52,27394922018989.52,27394922018989.52,27394922018989.52,0
2024-03-06,27395073293225.1,27395073293225.1,27395073293225.1,27395073293225.1,0
2024-03-07,27409658010123.01,27409658010123.01,27409658010123.01,27409658010123.01,0
2024-03-08,27410398214937.37,27410398214937.37,27410398214937.37,27410398214937.37,0
2024-03-11,27411563369863.19,27411563369863.19,27411563369863.19,27411563369863.19,0
2024-03-12,27424259576638.32,27424259576638.32,27424259576638.32,27424259576638.32,0
2024-03-13,27424590793153.92,27424590793153.92,27424590793153.92,27424590793153.92,0
2024-03-14,27434194395974.08,27434194395974.08,27434194395974.08,27434194395974.08,0
2024-03-15,27486685431293.39,27486685431293.39,27486685431293.39,27486685431293.39,0
2024-03-18,27486890326230.45,27486890326230.45,27486890326230.45,27486890326230.45,0
2024-03-19,27495560223464.06,27495560223464.06,27495560223464.06,27495560223464.06,0
2024-03-20,27495310693451.23,27495310693451.23,27495310693451.23,27495310693451.23,0
2024-03-21,27511234577616.74,27511234577616.74,27511234577616.74,27511234577616.74,0
2024-03-22,27511504384092.25,27511504384092.25,27511504384092.25,27511504384092.25,0
2024-03-25,27512574463575.43,27512574463575.43,27512574463575.43,27512574463575.43,0
2024-03-26,27500757154307.8,27500757154307.8,27500757154307.8,27500757154307.8,0
2024-03-27,27503290057476.61,27503290057476.61,27503290057476.61,27503290057476.61,0
2024-03-28,27511740986475.77,27511740986475.77,27511740986475.77,27511740986475.77,0
2024-03-29,27511454993243.97,27511454993243.97,27511454993243.97,27511454993243.97,0
2024-04-01,27597003078569.01,27597003078569.01,27597003078569.01,27597003078569.01,0
2024-04-02,27571024016005.42,27571024016005.42,27571024016005.42,27571024016005.42,0
2024-04-03,27570738421546.27,27570738421546.27,27570738421546.27,27570738421546.27,0
2024-04-04,27557979891134.54,27557979891134.54,27557979891134.54,27557979891134.54,0
2024-04-05,27558067093863.29,27558067093863.29,27558067093863.29,27558067093863.29,0
2024-04-08,27559152334116.88,27559152334116.88,27559152334116.88,27559152334116.88,0
2024-04-09,27523837629266.01,27523837629266.01,27523837629266.01,27523837629266.01,0
2024-04-10,27524683546141.8,27524683546141.8,27524683546141.8,27524683546141.8,0
2024-04-11,27509726461018.85,27509726461018.85,27509726461018.85,27509726461018.85,0
2024-04-12,27509636671273.47,27509636671273.47,27509636671273.47,27509636671273.47,0
2024-04-15,27525652789136.96,27525652789136.96,27525652789136.96,27525652789136.96,0
2024-04-16,27491006854258.45,27491006854258.45,27491006854258.45,27491006854258.45,0
2024-04-17,27491018195859.82,27491018195859.82,27491018195859.82,27491018195859.82,0
2024-04-18,27485307938326.14,27485307938326.14,27485307938326.14,27485307938326.14,0
2024-04-19,27484861367243.35,27484861367243.35,27484861367243.35,27484861367243.35,0
2024-04-22,27486473714908.65,27486473714908.65,27486473714908.65,27486473714908.65,0
2024-04-23,27461262921654.41,27461262921654.41,27461262921654.41,27461262921654.41,0
2024-04-24,27461572886205.56,27461572886205.56,27461572886205.56,27461572886205.56,0
2024-04-25,27443681857808.67,27443681857808.67,27443681857808.67,27443681857808.67,0
2024-04-26,27444491423362.55,27444491423362.55,27444491423362.55,27444491423362.55,0
2024-04-29,27445183037521.17,27445183037521.17,27445183037521.17,27445183037521.17,0
2024-04-30,27480960216618.32,27480960216618.32,27480960216618.32,27480960216618.32,0
2024-05-01,27479892592950.49,27479892592950.49,27479892592950.49,27479892592950.49,0
2024-05-02,27462987329423.76,27462987329423.76,27462987329423.76,27462987329423.76,0
2024-05-03,27462531568558.89,27462531568558.89,27462531568558.89,27462531568558.89,0
2024-05-06,27463657361740.46,27463657361740.46,27463657361740.46,27463657361740.46,0
2024-05-07,27453420769237.9,27453420769237.9,27453420769237.9,27453420769237.9,0
2024-05-08,27454500607320.58,27454500607320.58,27454500607320.58,27454500607320.58,0
2024-05-09,27453899461694.5,27453899461694.5,27453899461694.5,27453899461694.5,0
2024-05-10,27453861306796.2,27453861306796.2,27453861306796.2,27453861306796.2,0
2024-05-13,27455172055232.87,27455172055232.87,27455172055232.87,27455172055232.87,0
2024-05-14,27459796281794.85,27459796281794.85,27459796281794.85,27459796281794.85,0
2024-05-15,27444319743354.59,27444319743354.59,27444319743354.59,27444319743354.59,0
2024-05-16,27456418787486.41,27456418787486.41,27456418787486.41,27456418787486.41,0
2024-05-17,27456876652491.59,27456876652491.59,27456876652491.59,27456876652491.59,0
2024-05-20,27458745418356.45,27458745418356.45,27458745418356.45,27458745418356.45,0
2024-05-21,27466193557963.77,27466193557963.77,27466193557963.77,27466193557963.77,0
2024-05-22,27469724120218.74,27469724120218.74,27469724120218.74,27469724120218.74,0
2024-05-23,27473485937031.6,27473485937031.6,27473485937031.6,27473485937031.6,0
2024-05-24,27473812202939.87,27473812202939.87,27473812202939.87,27473812202939.87,0
2024-05-28,27485640159741.04,27485640159741.04,27485640159741.04,27485640159741.04,0
2024-05-29,27487157223434.84,27487157223434.84,27487157223434.84,27487157223434.84,0
2024-05-30,27479078222866.95,27479078222866.95,27479078222866.95,27479078222866.95,0
2024-05-31,27606806621699.92,27606806621699.92,27606806621699.92,27606806621699.92,0
2024-06-03,27604546247462.02,27604546247462.02,27604546247462.02,27604546247462.02,0
2024-06-04,27601036912476.19,27601036912476.19,27601036912476.19,27601036912476.19,0
2024-06-05,27601771436920.21,27601771436920.21,27601771436920.21,27601771436920.21,0
2024-06-06,27590071808237.64,27590071808237.64,27590071808237.64,27590071808237.64,0
2024-06-07,27590412991651.25,27590412991651.25,27590412991651.25,27590412991651.25,0
2024-06-10,27590884592514.35,27590884592514.35,27590884592514.35,27590884592514.35,0
2024-06-11,27576833611186.52,27576833611186.52,27576833611186.52,27576833611186.52,0
2024-06-12,27576420914357.7,27576420914357.7,27576420914357.7,27576420914357.7,0
2024-06-13,27572656623723.99,27572656623723.99,27572656623723.99,27572656623723.99,0
2024-06-14,27571224186740.96,27571224186740.96,27571224186740.96,27571224186740.96,0
2024-06-17,27627953593560.5,27627953593560.5,27627953593560.5,27627953593560.5,0
2024-06-18,27614043126341.21,27614043126341.21,27614043126341.21,27614043126341.21,0
2024-06-20,27596094209621.92,27596094209621.92,27596094209621.92,27596094209621.92,0
2024-06-21,27594481222617.96,27594481222617.96,27594481222617.96,27594481222617.96,0
2024-06-24,27594422516851.49,27594422516851.49,27594422516851.49,27594422516851.49,0
2024-06-25,27580828533331.25,27580828533331.25,27580828533331.25,27580828533331.25,0
2024-06-26,27581121643497.46,27581121643497.46,27581121643497.46,27581121643497.46,0
2024-06-27,27564579398180.52,27564579398180.52,27564579398180.52,27564579398180.52,0
2024-06-28,27612896549329.17,27612896549329.17,27612896549329.17,27612896549329.17,0
2024-07-01,27686611898025.85,27686611898025.85,27686611898025.85,27686611898025.85,0
2024-07-02,27696947664513.33,27696947664513.33,27696947664513.33,27696947664513.33,0
2024-07-03,27696496266059.51,27696496266059.51,27696496266059.51,27696496266059.51,0
2024-07-05,27693475216355.36,27693475216355.36,27693475216355.36,27693475216355.36,0
2024-07-08,27693672925726.72,27693672925726.72,27693672925726.72,27693672925726.72,0
2024-07-09,27709504208843.5,27709504208843.5,27709504208843.5,27709504208843.5,0
2024-07-10,27710406330174.17,27710406330174.17,27710406330174.17,27710406330174.17,0
2024-07-11,27733802372114.6,27733802372114.6,27733802372114.6,27733802372114.6,0
2024-07-12,27734096471188.88,27734096471188.88,27734096471188.88,27734096471188.88,0
2024-07-15,27750724960754.6,27750724960754.6,27750724960754.6,27750724960754.6,0
2024-07-16,27775830463860.98,27775830463860.98,27775830463860.98,27775830463860.98,0
2024-07-17,27775355611306.52,27775355611306.52,27775355611306.52,27775355611306.52,0
2024-07-18,27794421298152.71,27794421298152.71,27794421298152.71,27794421298152.71,0
2024-07-19,27793280970095.1,27793280970095.1,27793280970095.1,27793280970095.1,0
2024-07-22,27793300671842.76,27793300671842.76,27793300671842.76,27793300671842.76,0
2024-07-23,27817639139025.78,27817639139025.78,27817639139025.78,27817639139025.78,0
2024-07-24,27817951354978.31,27817951354978.31,27817951354978.31,27817951354978.31,0
2024-07-25,27834323519790.43,27834323519790.43,27834323519790.43,27834323519790.43,0
2024-07-26,27834220424052.01,27834220424052.01,27834220424052.01,27834220424052.01,0
2024-07-29,27834326750512.37,27834326750512.37,27834326750512.37,27834326750512.37,0
2024-07-30,27864367559006.15,27864367559006.15,27864367559006.15,27864367559006.15,0
2024-07-31,27930511528793.83,27930511528793.83,27930511528793.83,27930511528793.83,0
2024-08-01,27946897741746.23,27946897741746.23,27946897741746.23,27946897741746.23,0
2024-08-02,27946832554647.4,27946832554647.4,27946832554647.4,27946832554647.4,0
2024-08-05,27945957511453.95,27945957511453.95,27945957511453.95,27945957511453.95,0
2024-08-06,27969087300801.08,27969087300801.08,27969087300801.08,27969087300801.08,0
2024-08-07,27969804303787.95,27969804303787.95,27969804303787.95,27969804303787.95,0
2024-08-08,27992303945196.96,27992303945196.96,27992303945196.96,27992303945196.96,0
2024-08-09,27991430891417.81,27991430891417.81,27991430891417.81,27991430891417.81,0
2024-08-12,27992486779604.18,27992486779604.18,27992486779604.18,27992486779604.18,0
2024-08-13,28017164049453.46,28017164049453.46,28017164049453.46,28017164049453.46,0
2024-08-14,28017226473416.87,28017226473416.87,28017226473416.87,28017226473416.87,0
2024-08-15,28032945816619.67,28032945816619.67,28032945816619.67,28032945816619.67,0
2024-08-16,28030070022009.33,28030070022009.33,28030070022009.33,28030070022009.33,0
2024-08-19,28030148229238.57,28030148229238.57,28030148229238.57,28030148229238.57,0
2024-08-20,28055639080735.21,28055639080735.21,28055639080735.21,28055639080735.21,0
2024-08-21,28056284385951.98,28056284385951.98,28056284385951.98,28056284385951.98,0
2024-08-22,28067310011637.03,28067310011637.03,28067310011637.03,28067310011637.03,0
2024-08-23,28067340611051.07,28067340611051.07,28067340611051.07,28067340611051.07,0
2024-08-26,28066894450384.91,28066894450384.91,28066894450384.91,28066894450384.91,0
2024-08-27,28122457986740.07,28122457986740.07,28122457986740.07,28122457986740.07,0
2024-08-28,28122421845095.35,28122421845095.35,28122421845095.35,28122421845095.35,0
2024-08-29,28132284797344.23,28132284797344.23,28132284797344.23,28132284797344.23,0
2024-08-30,28168005045836.45,28168005045836.45,28168005045836.45,28168005045836.45,0
2024-09-03,28252444995767.33,28252444995767.33,28252444995767.33,28252444995767.33,0
2024-09-04,28254186047367.95,28254186047367.95,28254186047367.95,28254186047367.95,0
2024-09-05,28258350864244.38,28258350864244.38,28258350864244.38,28258350864244.38,0
2024-09-06,28253281258134.21,28253281258134.21,28253281258134.21,28253281258134.21,0
2024-09-09,28253299707543.31,28253299707543.31,28253299707543.31,28253299707543.31,0
2024-09-10,28232619428904.84,28232619428904.84,28232619428904.84,28232619428904.84,0
2024-09-11,28232460501393.03,28232460501393.03,28232460501393.03,28232460501393.03,0
2024-09-12,28193985562400.05,28193985562400.05,28193985562400.05,28193985562400.05,0
2024-09-13,28188906439845.65,28188906439845.65,28188906439845.65,28188906439845.65,0
2024-09-16,28245785759097.01,28245785759097.01,28245785759097.01,28245785759097.01,0
2024-09-17,28227359906344.68,28227359906344.68,28227359906344.68,28227359906344.68,0
2024-09-18,28228475054525.36,28228475054525.36,28228475054525.36,28228475054525.36,0
2024-09-19,28220680267543.24,28220680267543.24,28220680267543.24,28220680267543.24,0
2024-09-20,28214574834140.68,28214574834140.68,28214574834140.68,28214574834140.68,0
2024-09-23,28215447150317.52,28215447150317.52,28215447150317.52,28215447150317.52,0
2024-09-24,28195893512737.15,28195893512737.15,28195893512737.15,28195893512737.15,0
2024-09-25,28194235452983.9,28194235452983.9,28194235452983.9,28194235452983.9,0
2024-09-26,28182178946545.8,28182178946545.8,28182178946545.8,28182178946545.8,0
2024-09-27,28208786657768.96,28208786657768.96,28208786657768.96,28208786657768.96,0
2024-09-30,28307312290783.0,28307312290783.0,28307312290783.0,28307312290783.0,0
2024-10-01,28312629054720.67,28312629054720.67,28312629054720.67,28312629054720.67,0
2024-10-02,28313722594978.62,28313722594978.62,28313722594978.62,28313722594978.62,0
2024-10-03,28322639420813.57,28322639420813.57,28322639420813.57,28322639420813.57,0
2024-10-04,28323365082799.83,28323365082799.83,28323365082799.83,28323365082799.83,0
2024-10-07,28321844291432.89,28321844291432.89,28321844291432.89,28321844291432.89,0
2024-10-08,28341720350763.38,28341720350763.38,28341720350763.38,28341720350763.38,0
2024-10-09,28341479458057.01,28341479458057.01,28341479458057.01,28341479458057.01,0
2024-10-10,28353945611403.78,28353945611403.78,28353945611403.78,28353945611403.78,0
2024-10-11,28351123484517.83,28351123484517.83,28351123484517.83,28351123484517.83,0
2024-10-15,28383518035772.03,28383518035772.03,28383518035772.03,28383518035772.03,0
2024-10-16,28386150164608.48,28386150164608.48,28386150164608.48,28386150164608.48,0
2024-10-17,28404121037347.13,28404121037347.13,28404121037347.13,28404121037347.13,0
2024-10-18,28403747282300.49,28403747282300.49,28403747282300.49,28403747282300.49,0
2024-10-21,28403842285305.15,28403842285305.15,28403842285305.15,28403842285305.15,0
2024-10-22,28423306636632.38,28423306636632.38,28423306636632.38,28423306636632.38,0
2024-10-23,28422500201162.2,28422500201162.2,28422500201162.2,28422500201162.2,0
2024-10-24,28452334402813.93,28452334402813.93,28452334402813.93,28452334402813.93,0
2024-10-25,28451878560753.69,28451878560753.69,28451878560753.69,28451878560753.69,0
2024-10-28,28449760812902.59,28449760812902.59,28449760812902.59,28449760812902.59,0
2024-10-29,28469426993796.14,28469426993796.14,28469426993796.14,28469426993796.14,0
2024-10-30,28470182494958.74,28470182494958.74,28470182494958.74,28470182494958.74,0
2024-10-31,28572149038424.26,28572149038424.26,28572149038424.26,28572149038424.26,0
2024-11-01,28567525956804.76,28567525956804.76,28567525956804.76,28567525956804.76,0
2024-11-04,28566347626909.66,28566347626909.66,28566347626909.66,28566347626909.66,0
2024-11-05,28582003195921.21,28582003195921.21,28582003195921.21,28582003195921.21,0
2024-11-06,28582117963923.5,28582117963923.5,28582117963923.5,28582117963923.5,0
2024-11-07,28607118813413.31,28607118813413.31,28607118813413.31,28607118813413.31,0
2024-11-08,28606361080480.36,28606361080480.36,28606361080480.36,28606361080480.36,0
2024-11-12,28620032996715.49,28620032996715.49,28620032996715.49,28620032996715.49,0
2024-11-13,28617935465098.64,28617935465098.64,28617935465098.64,28617935465098.64,0
2024-11-14,28632426082432.23,28632426082432.23,28632426082432.23,28632426082432.23,0
2024-11-15,28621283646779.39,28621283646779.39,28621283646779.39,28621283646779.39,0
2024-11-18,28620973630175.8,28620973630175.8,28620973630175.8,28620973630175.8,0
2024-11-19,28634183281951.62,28634183281951.62,28634183281951.62,28634183281951.62,0
2024-11-20,28634759575097.22,28634759575097.22,28634759575097.22,28634759575097.22,0
2024-11-21,28688857681958.64,28688857681958.64,28688857681958.64,28688857681958.64,0
2024-11-22,28689193665601.5,28689193665601.5,28689193665601.5,28689193665601.5,0
2024-11-25,28689638049359.94,28689638049359.94,28689638049359.94,28689638049359.94,0
2024-11-26,28736542181892.5,28736542181892.5,28736542181892.5,28736542181892.5,0
2024-11-27,28735907867644.94,28735907867644.94,28735907867644.94,28735907867644.94,0
2024-11-29,28791207744535.64,28791207744535.64,28791207744535.64,28791207744535.64,0
2024-12-02,28878760944937.34,28878760944937.34,28878760944937.34,28878760944937.34,0
2024-12-03,28883514581503.88,28883514581503.88,28883514581503.88,28883514581503.88,0
2024-12-04,28882393374551.42,28882393374551.42,28882393374551.42,28882393374551.42,0
2024-12-05,28877400152221.15,28877400152221.15,28877400152221.15,28877400152221.15,0
2024-12-06,28874999106506.03,28874999106506.03,28874999106506.03,28874999106506.03,0
2024-12-09,28874168830835.46,28874168830835.46,28874168830835.46,28874168830835.46,0
2024-12-10,28858224127746.27,28858224127746.27,28858224127746.27,28858224127746.27,0
2024-12-11,28849932499916.86,28849932499916.86,28849932499916.86,28849932499916.86,0
2024-12-12,28846561718955.86,28846561718955.86,28846561718955.86,28846561718955.86,0
2024-12-13,28846613864721.94,28846613864721.94,28846613864721.94,28846613864721.94,0
2024-12-16,28901403659573.18,28901403659573.18,28901403659573.18,28901403659573.18,0
2024-12-17,28876690689081.36,28876690689081.36,28876690689081.36,28876690689081.36,0
2024-12-18,28875451168038.78,28875451168038.78,28875451168038.78,28875451168038.78,0
2024-12-19,28870054568670.25,28870054568670.25,28870054568670.25,28870054568670.25,0
2024-12-20,28864783375019.35,28864783375019.35,28864783375019.35,28864783375019.35,0
2024-12-23,28865105876886.59,28865105876886.59,28865105876886.59,28865105876886.59,0
2024-12-24,28839543803673.77,28839543803673.77,28839543803673.77,28839543803673.77,0
2024-12-26,28794989291882.5,28794989291882.5,28794989291882.5,28794989291882.5,0
2024-12-27,28822584881480.95,28822584881480.95,28822584881480.95,28822584881480.95,0
2024-12-30,28821350185471.75,28821350185471.75,28821350185471.75,28821350185471.75,0
2024-12-31,28836996111881.81,28836996111881.81,28836996111881.81,28836996111881.81,0
2025-01-02,28831964741779.76,28831964741779.76,28831964741779.76,28831964741779.76,0
2025-01-03,28831651555267.15,28831651555267.15,28831651555267.15,28831651555267.15,0
2025-01-06,28832259211211.08,28832259211211.08,28832259211211.08,28832259211211.08,0
2025-01-07,28826479434779.86,28826479434779.86,28826479434779.86,28826479434779.86,0
2025-01-08,28824060020226.11,28824060020226.11,28824060020226.11,28824060020226.11,0
2025-01-09,28832160356396.23,28832160356396.23,28832160356396.23,28832160356396.23,0
2025-01-10,28832716210040.45,28832716210040.45,28832716210040.45,28832716210040.45,0
2025-01-13,28832556245721.97,28832556245721.97,28832556245721.97,28832556245721.97,0
2025-01-14,28850228995216.85,28850228995216.85,28850228995216.85,28850228995216.85,0
2025-01-15,28832351544946.26,28832351544946.26,28832351544946.26,28832351544946.26,0
2025-01-16,28846012162618.21,28846012162618.21,28846012162618.21,28846012162618.21,0
2025-01-17,28845583131561.83,28845583131561.83,28845583131561.83,28845583131561.83,0
2025-01-21,28863463959281.89,28863463959281.89,28863463959281.89,28863463959281.89,0
2025-01-22,28863025857989.46,28863025857989.46,28863025857989.46,28863025857989.46,0
2025-01-23,28880821900250.34,28880821900250.34,28880821900250.34,28880821900250.34,0
2025-01-24,28881218302457.27,28881218302457.27,28881218302457.27,28881218302457.27,0
2025-01-27,28862375452519.97,28862375452519.97,28862375452519.97,28862375452519.97,0
2025-01-28,28851969423506.15,28851969423506.15,28851969423506.15,28851969423506.15,0
2025-01-29,28852559462378.04,28852559462378.04,28852559462378.04,28852559462378.04,0
2025-01-30,28850151178663.95,28850151178663.95,28850151178663.95,28850151178663.95,0
2025-01-31,28911508658693.08,28911508658693.08,28911508658693.08,28911508658693.08,0
2025-02-03,28923985500400.02,28923985500400.02,28923985500400.02,28923985500400.02,0
2025-02-04,28897398320943.43,28897398320943.43,28897398320943.43,28897398320943.43,0
2025-02-05,28895705607248.8,28895705607248.8,28895705607248.8,28895705607248.8,0
2025-02-06,28892938412549.8,28892938412549.8,28892938412549.8,28892938412549.8,0
2025-02-07,28891246579142.97,28891246579142.97,28891246579142.97,28891246579142.97,0
2025-02-10,28882844331495.71,28882844331495.71,28882844331495.71,28882844331495.71,0
2025-02-11,28873690527396.65,28873690527396.65,28873690527396.65,28873690527396.65,0
2025-02-12,28896394701632.1,28896394701632.1,28896394701632.1,28896394701632.1,0
2025-02-13,28896004938072.67,28896004938072.67,28896004938072.67,28896004938072.67,0
2025-02-14,28895337232003.27,28895337232003.27,28895337232003.27,28895337232003.27,0
2025-02-18,28876078679117.8,28876078679117.8,28876078679117.8,28876078679117.8,0
2025-02-19,28878510874731.94,28878510874731.94,28878510874731.94,28878510874731.94,0
2025-02-20,28869749063206.15,28869749063206.15,28869749063206.15,28869749063206.15,0
2025-02-21,28862508705242.94,28862508705242.94,28862508705242.94,28862508705242.94,0
2025-02-24,28846869977339.96,28846869977339.96,28846869977339.96,28846869977339.96,0
2025-02-25,28837112928950.54,28837112928950.54,28837112928950.54,28837112928950.54,0
2025-02-26,28855309766407.65,28855309766407.65,28855309766407.65,28855309766407.65,0
2025-02-27,28855106718012.13,28855106718012.13,28855106718012.13,28855106718012.13,0
2025-02-28,28914410587820.34,28914410587820.34,28914410587820.34,28914410587820.34,0
2025-03-03,28930823432033.66,28930823432033.66,28930823432033.66,28930823432033.66,0
2025-03-04,28906019720336.11,28906019720336.11,28906019720336.11,28906019720336.11,0
2025-03-05,28904524826408.57,28904524826408.57,28904524826408.57,28904524826408.57,0
2025-03-06,28910964000416.83,28910964000416.83,28910964000416.83,28910964000416.83,0
2025-03-07,28909913656084.0,28909913656084.0,28909913656084.0,28909913656084.0,0
2025-03-10,28903192097197.0,28903192097197.0,28903192097197.0,28903192097197.0,0
2025-03-11,28890925430619.29,28890925430619.29,28890925430619.29,28890925430619.29,0
2025-03-12,28912908316119.9,28912908316119.9,28912908316119.9,28912908316119.9,0
2025-03-13,28910212445754.95,28910212445754.95,28910212445754.95,28910212445754.95,0
2025-03-14,28937109052409.72,28937109052409.72,28937109052409.72,28937109052409.72,0
2025-03-17,28928035225282.57,28928035225282.57,28928035225282.57,28928035225282.57,0
2025-03-18,28908695063079.12,28908695063079.12,28908695063079.12,28908695063079.12,0
2025-03-19,28931615276590.47,28931615276590.47,28931615276590.47,28931615276590.47,0
2025-03-20,28931004380785.4,28931004380785.4,28931004380785.4,28931004380785.4,0
2025-03-21,28927403024844.31,28927403024844.31,28927403024844.31,28927403024844.31,0
2025-03-24,28924757833909.66,28924757833909.66,28924757833909.66,28924757833909.66,0
2025-03-25,28900194597054.75,28900194597054.75,28900194597054.75,28900194597054.75,0
2025-03-26,28922608710230.04,28922608710230.04,28922608710230.04,28922608710230.04,0
2025-03-27,28921459406910.63,28921459406910.63,28921459406910.63,28921459406910.63,0
2025-03-28,28918637682348.73,28918637682348.73,28918637682348.73,28918637682348.73,0
2025-03-31,28909508850275.58,28909508850275.58,28909508850275.58,28909508850275.58,0
2025-04-01,28945058837872.08,28945058837872.08,28945058837872.08,28945058837872.08,0
2025-04-02,28941616891545.06,28941616891545.06,28941616891545.06,28941616891545.06,0
2025-04-03,28960433646738.55,28960433646738.55,28960433646738.55,28960433646738.55,0
2025-04-04,28956155080112.68,28956155080112.68,28956155080112.68,28956155080112.68,0
2025-04-07,28947771026214.14,28947771026214.14,28947771026214.14,28947771026214.14,0
2025-04-08,28936031572664.84,28936031572664.84,28936031572664.84,28936031572664.84,0
2025-04-09,28958991840990.14,28958991840990.14,28958991840990.14,28958991840990.14,0
2025-04-10,28952824025915.61,28952824025915.61,28952824025915.61,28952824025915.61,0
2025-04-11,28952083890117.2,28952083890117.2,28952083890117.2,28952083890117.2,0
2025-04-14,28942462559586.95,28942462559586.95,28942462559586.95,28942462559586.95,0
2025-04-15,28904113909824.41,28904113909824.41,28904113909824.41,28904113909824.41,0
2025-04-16,28917184309983.82,28917184309983.82,28917184309983.82,28917184309983.82,0
2025-04-17,28913508876197.06,28913508876197.06,28913508876197.06,28913508876197.06,0
2025-04-18,28904329571387.04,28904329571387.04,28904329571387.04,28904329571387.04,0
2025-04-21,28897595263583.41,28897595263583.41,28897595263583.41,28897595263583.41,0
2025-04-22,28885292677312.48,28885292677312.48,28885292677312.48,28885292677312.48,0
2025-04-23,28901934804636.8,28901934804636.8,28901934804636.8,28901934804636.8,0
2025-04-24,28886899281587.33,28886899281587.33,28886899281587.33,28886899281587.33,0
2025-04-25,28886705983824.0,28886705983824.0,28886705983824.0,28886705983824.0,0
2025-04-28,28880205893953.1,28880205893953.1,28880205893953.1,28880205893953.1,0
2025-04-29,28870044615160.41,28870044615160.41,28870044615160.41,28870044615160.41,0
2025-04-30,28852660949319.21,28852660949319.21,28852660949319.21,28852660949319.21,0
2025-05-01,28910031708449.29,28910031708449.29,28910031708449.29,28910031708449.29,0
2025-05-02,28913077198269.89,28913077198269.89,28913077198269.89,28913077198269.89,0
2025-05-05,28900702282928.55,28900702282928.55,28900702282928.55,28900702282928.55,0
2025-05-06,28888855819827.73,28888855819827.73,28888855819827.73,28888855819827.73,0
2025-05-07,28885833651968.1,28885833651968.1,28885833651968.1,28885833651968.1,0
2025-05-08,28879495109710.33,28879495109710.33,28879495109710.33,28879495109710.33,0
2025-05-09,28879730647251.1,28879730647251.1,28879730647251.1,28879730647251.1,0
2025-05-12,28873314691669.41,28873314691669.41,28873314691669.41,28873314691669.41,0
2025-05-13,28858866133930.92,28858866133930.92,28858866133930.92,28858866133930.92,0
2025-05-14,28883690101680.6,28883690101680.6,28883690101680.6,28883690101680.6,0
2025-05-15,28880432375776.61,28880432375776.61,28880432375776.61,28880432375776.61,0
2025-05-16,28877878941841.26,28877878941841.26,28877878941841.26,28877878941841.26,0
2025-05-19,28867568836311.34,28867568836311.34,28867568836311.34,28867568836311.34,0
2025-05-20,28855901031670.0,28855901031670.0,28855901031670.0,28855901031670.0,0
2025-05-21,28877912012097.42,28877912012097.42,28877912012097.42,28877912012097.42,0
2025-05-22,28875495146667.02,28875495146667.02,28875495146667.02,28875495146667.02,0
2025-05-23,28863100025246.62,28863100025246.62,28863100025246.62,28863100025246.62,0
2025-05-27,28856796025402.94,28856796025402.94,28856796025402.94,28856796025402.94,0
2025-05-28,28867570378120.42,28867570378120.42,28867570378120.42,28867570378120.42,0
2025-05-29,28871680706822.26,28871680706822.26,28871680706822.26,28871680706822.26,0
2025-05-30,28952461153000.13,28952461153000.13,28952461153000.13,28952461153000.13,0
2025-06-02,28956814642277.72,28956814642277.72,28956814642277.72,28956814642277.72,0
2025-06-03,28964890579889.1,28964890579889.1,28964890579889.1,28964890579889.1,0
2025-06-04,28953597578775.68,28953597578775.68,28953597578775.68,28953597578775.68,0
2025-06-05,28949058827202.6,28949058827202.6,28949058827202.6,28949058827202.6,0
2025-06-06,28947314928888.42,28947314928888.42,28947314928888.42,28947314928888.42,0
2025-06-09,28937734806745.08,28937734806745.08,28937734806745.08,28937734806745.08,0
2025-06-10,28925282868405.29,28925282868405.29,28925282868405.29,28925282868405.29,0
2025-06-11,28947461766728.03,28947461766728.03,28947461766728.03,28947461766728.03,0
2025-06-12,28944696357421.28,28944696357421.28,28944696357421.28,28944696357421.28,0
2025-06-13,28943677590027.96,28943677590027.96,28943677590027.96,28943677590027.96,0
2025-06-16,28907522231455.1,28907522231455.1,28907522231455.1,28907522231455.1,0
2025-06-17,28884822109662.55,28884822109662.55,28884822109662.55,28884822109662.55,0
2025-06-18,28905136181836.44,28905136181836.44,28905136181836.44,28905136181836.44,0
2025-06-20,28900785723043.42,28900785723043.42,28900785723043.42,28900785723043.42,0
2025-06-23,28890044591558.48,28890044591558.48,28890044591558.48,28890044591558.48,0
2025-06-24,28860859190127.59,28860859190127.59,28860859190127.59,28860859190127.59,0
2025-06-25,28888758862953.29,28888758862953.29,28888758862953.29,28888758862953.29,0
2025-06-26,28887012425608.74,28887012425608.74,28887012425608.74,28887012425608.74,0
2025-06-27,28886926501740.7,28886926501740.7,28886926501740.7,28886926501740.7,0
2025-06-30,28953496505343.54,28953496505343.54,28953496505343.54,28953496505343.54,0
2025-07-01,29015375786023.67,29015375786023.67,29015375786023.67,29015375786023.67,0
2025-07-02,29010089016490.07,29010089016490.07,29010089016490.07,29010089016490.07,0
2025-07-03,29030139887675.69,29030139887675.69,29030139887675.69,29030139887675.69,0
2025-07-07,29217069454544.59,29217069454544.59,29217069454544.59,29217069454544.59,0
2025-07-08,29246985005461.02,29246985005461.02,29246985005461.02,29246985005461.02,0
2025-07-09,29245895802163.13,29245895802163.13,29245895802163.13,29245895802163.13,0
2025-07-10,29237384936665.31,29237384936665.31,29237384936665.31,29237384936665.31,0
2025-07-11,29236040429582.1,29236040429582.1,29236040429582.1,29236040429582.1,0
2025-07-14,29235163076403.79,29235163076403.79,29235163076403.79,29235163076403.79,0
2025-07-15,29278468201107.89,29278468201107.89,29278468201107.89,29278468201107.89,0
2025-07-16,29279025456139.46,29279025456139.46,29279025456139.46,29279025456139.46,0
2025-07-17,29296842992143.18,29296842992143.18,29296842992143.18,29296842992143.18,0
2025-07-18,29296992044459.47,29296992044459.47,29296992044459.47,29296992044459.47,0
2025-07-21,29297584848407.38,29297584848407.38,29297584848407.38,29297584848407.38,0
2025-07-22,29332747751071.01,29332747751071.01,29332747751071.01,29332747751071.01,0
2025-07-23,29332905580399.32,29332905580399.32,29332905580399.32,29332905580399.32,0
2025-07-24,29361169407599.91,29361169407599.91,29361169407599.91,29361169407599.91,0
2025-07-25,29361462754830.93,29361462754830.93,29361462754830.93,29361462754830.93,0
2025-07-28,29361632076260.01,29361632076260.01,29361632076260.01,29361632076260.01,0
2025-07-29,29423243369055.06,29423243369055.06,29423243369055.06,29423243369055.06,0
2025-07-30,29422821531852.86,29422821531852.86,29422821531852.86,29422821531852.86,0
2025-07-31,29531340715980.52,29531340715980.52,29531340715980.52,29531340715980.52,0
2025-08-01,29522548953929.98,29522548953929.98,29522548953929.98,29522548953929.98,0
2025-08-04,29523300148538.85,29523300148538.85,29523300148538.85,29523300148538.85,0
2025-08-05,29601407493123.21,29601407493123.21,29601407493123.21,29601407493123.21,0
2025-08-06,29601946000343.28,29601946000343.28,29601946000343.28,29601946000343.28,0
2025-08-07,29642704925910.3,29642704925910.3,29642704925910.3,29642704925910.3,0
2025-08-08,29642973771492.29,29642973771492.29,29642973771492.29,29642973771492.29,0
2025-08-11,29643534539743.71,29643534539743.71,29643534539743.71,29643534539743.71,0
2025-08-12,29698694854602.48,29698694854602.48,29698694854602.48,29698694854602.48,0
2025-08-13,29698492660209.76,29698492660209.76,29698492660209.76,29698492660209.76,0
2025-08-14,29741150322937.1,29741150322937.1,29741150322937.1,29741150322937.1,0
2025-08-15,29771410762345.73,29771410762345.73,29771410762345.73,29771410762345.73,0
2025-08-18,29771882958785.37,29771882958785.37,29771882958785.37,29771882958785.37,0
2025-08-19,29818545456535.64,29818545456535.64,29818545456535.64,29818545456535.64,0
2025-08-20,29814986079837.2,29814986079837.2,29814986079837.2,29814986079837.2,0
2025-08-21,29860626144050.13,29860626144050.13,29860626144050.13,29860626144050.13,0
2025-08-22,29858032327748.39,29858032327748.39,29858032327748.39,29858032327748.39,0
2025-08-25,29858744380962.86,29858744380962.86,29858744380962.86,29858744380962.86,0
2025-08-26,29905784737041.34,29905784737041.34,29905784737041.34,29905784737041.34,0
2025-08-27,29904188921878.34,29904188921878.34,29904188921878.34,29904188921878.34,0
2025-08-28,29931514784077.08,29931514784077.08,29931514784077.08,29931514784077.08,0
2025-08-29,29968531307467.56,29968531307467.56,29968531307467.56,29968531307467.56,0
2025-09-02,30105889987086.45,30105889987086.45,30105889987086.45,30105889987086.45,0
2025-09-03,30106522172043.14,30106522172043.14,30106522172043.14,30106522172043.14,0
2025-09-04,30121675356508.43,30121675356508.43,30121675356508.43,30121675356508.43,0
2025-09-05,30121223541151.12,30121223541151.12,30121223541151.12,30121223541151.12,0
2025-09-08,30121188716571.55,30121188716571.55,30121188716571.55,30121188716571.55,0
2025-09-09,30141157463769.15,30141157463769.15,30141157463769.15,30141157463769.15,0
2025-09-10,30141501721759.29,30141501721759.29,30141501721759.29,30141501721759.29,0
2025-09-11,30156524547639.58,30156524547639.58,30156524547639.58,30156524547639.58,0
2025-09-12,30156635899566.9,30156635899566.9,30156635899566.9,30156635899566.9,0
2025-09-15,30235402349560.97,30235402349560.97,30235402349560.97,30235402349560.97,0
2025-09-16,30185858953772.6,30185858953772.6,30185858953772.6,30185858953772.6,0
2025-09-17,30185927497582.21,30185927497582.21,30185927497582.21,30185927497582.21,0
2025-09-18,30200452994946.0,30200452994946.0,30200452994946.0,30200452994946.0,0
2025-09-19,30197443850677.82,30197443850677.82,30197443850677.82,30197443850677.82,0
2025-09-22,30198287082014.0,30198287082014.0,30198287082014.0,30198287082014.0,0
2025-09-23,30143073922487.06,30143073922487.06,30143073922487.06,30143073922487.06,0
2025-09-24,30144752790618.94,30144752790618.94,30144752790618.94,30144752790618.94,0
2025-09-25,30155538367056.52,30155538367056.52,30155538367056.52,30155538367056.52,0
2025-09-26,30184180191221.72,30184180191221.72,30184180191221.72,30184180191221.72,0
2025-09-29,30183798697434.94,30183798697434.94,30183798697434.94,30183798697434.94,0
2025-09-30,30277766440770.58,30277766440770.58,30277766440770.58,30277766440770.58,0
2025-10-01,30275547632000.4,30275547632000.4,30275547632000.4,30275547632000.4,0
2025-10-02,30285435150302.49,30285435150302.49,30285435150302.49,30285435150302.49,0
2025-10-03,30283066232826.22,30283066232826.22,30283066232826.22,30283066232826.22,0
2025-10-06,30284583976614.4,30284583976614.4,30284583976614.4,30284583976614.4,0
2025-10-07,30302393668027.57,30302393668027.57,30302393668027.57,30302393668027.57,0
2025-10-08,30300449106850.14,30300449106850.14,30300449106850.14,30300449106850.14,0
2025-10-09,30315050520795.47,30315050520795.47,30315050520795.47,30315050520795.47,0
2025-10-10,30315775357225.49,30315775357225.49,30315775357225.49,30315775357225.49,0
2025-10-14,30344240501849.17,30344240501849.17,30344240501849.17,30344240501849.17,0
2025-10-15,30383102547724.69,30383102547724.69,30383102547724.69,30383102547724.69,0
2025-10-16,30406659067650.88,30406659067650.88,30406659067650.88,30406659067650.88,0
2025-10-17,30407496862775.24,30407496862775.24,30407496862775.24,30407496862775.24,0
2025-10-20,30407775576424.92,30407775576424.92,30407775576424.92,30407775576424.92,0
2025-10-21,30437767080384.89,30437767080384.89,30437767080384.89,30437767080384.89,0
2025-10-22,30439169276342.86,30439169276342.86,30439169276342.86,30439169276342.86,0
2025-10-23,30462505791396.93,30462505791396.93,30462505791396.93,30462505791396.93,0
2025-10-24,30462318457750.69,30462318457750.69,30462318457750.69,30462318457750.69,0
2025-10-27,30463894199662.03,30463894199662.03,30463894199662.03,30463894199662.03,0
2025-10-28,30490669166603.18,30490669166603.18,30490669166603.18,30490669166603.18,0
2025-10-29,30490067642291.03,30490067642291.03,30490067642291.03,30490067642291.03,0
2025-10-30,30516171709909.29,30516171709909.29,30516171709909.29,30516171709909.29,0
2025-10-31,30570708483009.12,30570708483009.12,30570708483009.12,30570708483009.12,0
2025-11-03,30567833810363.02,30567833810363.02,30567833810363.02,30567833810363.02,0
2025-11-04,30588445700448.4,30588445700448.4,30588445700448.4,30588445700448.4,0
2025-11-05,30589653976794.86,30589653976794.86,30589653976794.86,30589653976794.86,0
2025-11-06,30610666797441.52,30610666797441.52,30610666797441.52,30610666797441.52,0
2025-11-07,30611508844516.16,30611508844516.16,30611508844516.16,30611508844516.16,0
2025-11-10,30613346931589.27,30613346931589.27,30613346931589.27,30613346931589.27,0
2025-11-12,30629115020089.01,30629115020089.01,30629115020089.01,30629115020089.01,0
2025-11-13,30653919436694.72,30653919436694.72,30653919436694.72,30653919436694.72,0
2025-11-14,30654607353084.03,30654607353084.03,30654607353084.03,30654607353084.03,0
2025-11-17,30675159827981.92,30675159827981.92,30675159827981.92,30675159827981.92,0
2025-11-18,30690574250262.63,30690574250262.63,30690574250262.63,30690574250262.63,0
2025-11-19,30687812251917.3,30687812251917.3,30687812251917.3,30687812251917.3,0
2025-11-20,30707975239396.64,30707975239396.64,30707975239396.64,30707975239396.64,0
2025-11-21,30706639126551.86,30706639126551.86,30706639126551.86,30706639126551.86,0
2025-11-24,30706241277353.57,30706241277353.57,30706241277353.57,30706241277353.57,0
2025-11-25,30722912264691.05,30722912264691.05,30722912264691.05,30722912264691.05,0
2025-11-26,30720877603388.67,30720877603388.67,30720877603388.67,30720877603388.67,0
2025-11-28,30774117238206.31,30774117238206.31,30774117238206.31,30774117238206.31,0
2025-12-01,30853068463300.35,30853068463300.35,30853068463300.35,30853068463300.35,0
2025-12-02,30843863156002.45,30843863156002.45,30843863156002.45,30843863156002.45,0
2025-12-03,30843637085897.3,30843637085897.3,30843637085897.3,30843637085897.3,0
2025-12-04,30824381406045.22,30824381406045.22,30824381406045.22,30824381406045.22,0
2025-12-05,30822518818972.69,30822518818972.69,30822518818972.69,30822518818972.69,0
2025-12-08,30822913626328.95,30822913626328.95,30822913626328.95,30822913626328.95,0
2025-12-09,30793663184220.67,30793663184220.67,30793663184220.67,30793663184220.67,0
2025-12-10,30793542262019.16,30793542262019.16,30793542262019.16,30793542262019.16,0
2025-12-11,30787372595984.82,30787372595984.82,30787372595984.82,30787372595984.82,0
2025-12-12,30774528464721.58,30774528464721.58,30774528464721.58,30774528464721.58,0
2025-12-15,30852855298143.76,30852855298143.76,30852855298143.76,30852855298143.76,0
2025-12-16,30816834775843.42,30816834775843.42,30816834775843.42,30816834775843.42,0
2025-12-17,30816952898858.15,30816952898858.15,30816952898858.15,30816952898858.15,0
2025-12-18,30807754246644.19,30807754246644.19,30807754246644.19,30807754246644.19,0
2025-12-19,30804983565149.29,30804983565149.29,30804983565149.29,30804983565149.29,0
2025-12-22,30804343347355.44,30804343347355.44,30804343347355.44,30804343347355.44,0
2025-12-23,30765540678107.58,30765540678107.58,30765540678107.58,30765540678107.58,0
2025-12-24,30767152990652.2,30767152990652.2,30767152990652.2,30767152990652.2,0
2025-12-26,30789162165471.37,30789162165471.37,30789162165471.37,30789162165471.37,0
2025-12-29,30788927240091.41,30788927240091.41,30788927240091.41,30788927240091.41,0
2025-12-30,30758836564019.29,30758836564019.29,30758836564019.29,30758836564019.29,0
2025-12-31,30846716536213.26,30846716536213.26,30846716536213.26,30846716536213.26,0
2026-01-02,30830898741274.12,30830898741274.12,30830898741274.12,30830898741274.12,0
2026-01-05,30829627778734.9,30829627778734.9,30829627778734.9,30829627778734.9,0
2026-01-06,30809021616341.38,30809021616341.38,30809021616341.38,30809021616341.38,0
2026-01-07,30810025746721.36,30810025746721.36,30810025746721.36,30810025746721.36,0
2026-01-08,30806172192100.19,30806172192100.19,30806172192100.19,30806172192100.19,0
2026-01-09,30803872985803.55,30803872985803.55,30803872985803.55,30803872985803.55,0
2026-01-12,30802877100962.48,30802877100962.48,30802877100962.48,30802877100962.48,0
2026-01-13,30786665721842.47,30786665721842.47,30786665721842.47,30786665721842.47,0
2026-01-14,30787151283904.07,30787151283904.07,30787151283904.07,30787151283904.07,0
2026-01-15,30811929736380.71,30811929736380.71,30811929736380.71,30811929736380.71,0
2026-01-16,30811997567291.18,30811997567291.18,30811997567291.18,30811997567291.18,0
2026-01-20,30824259874597.25,30824259874597.25,30824259874597.25,30824259874597.25,0
2026-01-21,30825455797755.52,30825455797755.52,30825455797755.52,30825455797755.52,0
2026-01-22,30841780130036.3,30841780130036.3,30841780130036.3,30841780130036.3,0
2026-01-23,30839033479994.45,30839033479994.45,30839033479994.45,30839033479994.45,0
2026-01-26,30839469782091.59,30839469782091.59,30839469782091.59,30839469782091.59,0
2026-01-27,30878428226102.52,30878428226102.52,30878428226102.52,30878428226102.52,0
2026-01-28,30876617956619.42,30876617956619.42,30876617956619.42,30876617956619.42,0
2026-01-29,30898303196814.87,30898303196814.87,30898303196814.87,30898303196814.87,0
2026-01-30,30919122670062.31,30919122670062.31,30919122670062.31,30919122670062.31,0
2026-02-02,30915426727781.28,30915426727781.28,30915426727781.28,30915426727781.28,0
2026-02-03,30957184531162.23,30957184531162.23,30957184531162.23,30957184531162.23,0
2026-02-04,30956315394310.42,30956315394310.42,30956315394310.42,30956315394310.42,0
2026-02-05,30974189194630.76,30974189194630.76,30974189194630.76,30974189194630.76,0
2026-02-06,30969650188685.63,30969650188685.63,30969650188685.63,30969650188685.63,0
2026-02-09,30969105519646.32,30969105519646.32,30969105519646.32,30969105519646.32,0
2026-02-10,31010830716181.61,31010830716181.61,31010830716181.61,31010830716181.61,0
2026-02-11,31009198594125.31,31009198594125.31,31009198594125.31,31009198594125.31,0
2026-02-12,31032365231612.7,31032365231612.7,31032365231612.7,31032365231612.7,0
2026-02-13,31031921227566.66,31031921227566.66,31031921227566.66,31031921227566.66,0
2026-02-17,31087884326300.86,31087884326300.86,31087884326300.86,31087884326300.86,0
2026-02-18,31088483280078.6,31088483280078.6,31088483280078.6,31088483280078.6,0
2026-02-19,31112549990945.54,31112549990945.54,31112549990945.54,31112549990945.54,0
2026-02-20,31113584300966.47,31113584300966.47,31113584300966.47,31113584300966.47,0
2026-02-23,31113461801511.79,31113461801511.79,31113461801511.79,31113461801511.79,0
2026-02-24,31129399758399.04,31129399758399.04,31129399758399.04,31129399758399.04,0
2026-02-25,31126463055912.55,31126463055912.55,31126463055912.55,31126463055912.55,0
2026-02-26,31149029033685.39,31149029033685.39,31149029033685.39,31149029033685.39,0
2026-02-27,31186965290815.89,31186965290815.89,31186965290815.89,31186965290815.89,0
2026-03-02,31244382920777.66,31244382920777.66,31244382920777.66,31244382920777.66,0
2026-03-03,31268820109081.36,31268820109081.36,31268820109081.36,31268820109081.36,0
2026-03-04,31271271922985.85,31271271922985.85,31271271922985.85,31271271922985.85,0
2026-03-05,31281694069404.27,31281694069404.27,31281694069404.27,31281694069404.27,0
2026-03-06,31280012029379.25,31280012029379.25,31280012029379.25,31280012029379.25,0
2026-03-09,31280623244306.89,31280623244306.89,31280623244306.89,31280623244306.89,0
2026-03-10,31298790579980.06,31298790579980.06,31298790579980.06,31298790579980.06,0
2026-03-11,31285946384224.81,31285946384224.81,31285946384224.81,31285946384224.81,0
2026-03-12,31300175076619.99,31300175076619.99,31300175076619.99,31300175076619.99,0
2026-03-13,31300165451609.92,31300165451609.92,31300165451609.92,31300165451609.92,0
2026-03-16,31381345411579.55,31381345411579.55,31381345411579.55,31381345411579.55,0
2026-03-17,31379706593178.71,31379706593178.71,31379706593178.71,31379706593178.71,0
2026-03-18,31364647874667.34,31364647874667.34,31364647874667.34,31364647874667.34,0
2026-03-19,31385414419029.53,31385414419029.53,31385414419029.53,31385414419029.53,0
2026-03-20,31384605282290.22,31384605282290.22,31384605282290.22,31384605282290.22,0
2026-03-23,31385566969958.4,31385566969958.4,31385566969958.4,31385566969958.4,0
2026-03-24,31362014213440.21,31362014213440.21,31362014213440.21,31362014213440.21,0
2026-03-25,31363230287736.49,31363230287736.49,31363230287736.49,31363230287736.49,0
2026-03-26,31361115540758.11,31361115540758.11,31361115540758.11,31361115540758.11,0
2026-03-27,31388492802178.27,31388492802178.27,31388492802178.27,31388492802178.27,0
2026-03-30,31385929126772.9,31385929126772.9,31385929126772.9,31385929126772.9,0
2026-03-31,31431182280136.26,31431182280136.26,31431182280136.26,31431182280136.26,0
2026-04-01,31431328591198.51,31431328591198.51,31431328591198.51,31431328591198.51,0
2026-04-02,31409363156320.44,31409363156320.44,31409363156320.44,31409363156320.44,0
2026-04-03,31409491869379.24,31409491869379.24,31409491869379.24,31409491869379.24,0
2026-04-06,31413833699845.38,31413833699845.38,31413833699845.38,31413833699845.38,0
2026-04-07,31371921154820.79,31371921154820.79,31371921154820.79,31371921154820.79,0
2026-04-08,31373299420088.83,31373299420088.83,31373299420088.83,31373299420088.83,0
2026-04-09,31364679558344.11,31364679558344.11,31364679558344.11,31364679558344.11,0
2026-04-10,31363210882603.11,31363210882603.11,31363210882603.11,31363210882603.11,0
2026-04-13,31364172953118.05,31364172953118.05,31364172953118.05,31364172953118.05,0
2026-04-14,31327076933755.06,31327076933755.06,31327076933755.06,31327076933755.06,0
2026-04-15,31374528030445.6,31374528030445.6,31374528030445.6,31374528030445.6,0
2026-04-16,31359379088304.58,31359379088304.58,31359379088304.58,31359379088304.58,0
2026-04-17,31344221423413.6,31344221423413.6,31344221423413.6,31344221423413.6,0
2026-04-20,31343959370344.72,31343959370344.72,31343959370344.72,31343959370344.72,0
2026-04-21,31317297210883.89,31317297210883.89,31317297210883.89,31317297210883.89,0
2026-04-22,31318022210274.8,31318022210274.8,31318022210274.8,31318022210274.8,0
2026-04-23,31289249969317.98,31289249969317.98,31289249969317.98,31289249969317.98,0
2026-04-24,31289224791422.95,31289224791422.95,31289224791422.95,31289224791422.95,0
2026-04-27,31289756388875.06,31289756388875.06,31289756388875.06,31289756388875.06,0
2026-04-28,31266604928934.45,31266604928934.45,31266604928934.45,31266604928934.45,0
2026-04-29,31264482575337.52,31264482575337.52,31264482575337.52,31264482575337.52,0
2026-04-30,31272489865435.88,31272489865435.88,31272489865435.88,31272489865435.88,0
2026-05-01,31271957838023.21,31271957838023.21,31271957838023.21,31271957838023.21,0
2026-05-04,31274803442683.56,31274803442683.56,31274803442683.56,31274803442683.56,0
2026-05-05,31261787439569.55,31261787439569.55,31261787439569.55,31261787439569.55,0
2026-05-06,31263383766000.16,31263383766000.16,31263383766000.16,31263383766000.16,0
2026-05-07,31262325604447.63,31262325604447.63,31262325604447.63,31262325604447.63,0
2026-05-08,31260345834577.53,31260345834577.53,31260345834577.53,31260345834577.53,0
2026-05-11,31262108319021.06,31262108319021.06,31262108319021.06,31262108319021.06,0
2026-05-12,31268302404373.3,31268302404373.3,31268302404373.3,31268302404373.3,0
2026-05-13,31269241615132.64,31269241615132.64,31269241615132.64,31269241615132.64,0
2026-05-14,31277752122232.96,31277752122232.96,31277752122232.96,31277752122232.96,0
2026-05-15,31315583263208.62,31315583263208.62,31315583263208.62,31315583263208.62,0
2026-05-18,31317917051386.19,31317917051386.19,31317917051386.19,31317917051386.19,0
2026-05-19,31359065157830.45,31359065157830.45,31359065157830.45,31359065157830.45,0
2026-05-20,31358949739922.2,31358949739922.2,31358949739922.2,31358949739922.2,0
2026-05-21,31374788661132.13,31374788661132.13,31374788661132.13,31374788661132.13,0
